date,city,cloud_coverage_percent,wti_price
2018-11-26,averaged,0.0,
2018-11-28,Tulsa,33.0,
2018-12-01,averaged,50.2,
2018-12-08,Tulsa,100.0,
2018-12-11,Tulsa,95.3,51.650001525878906
2018-12-12,NA,,51.150001525878906
2018-12-13,Tulsa,96.5,52.58000183105469
2018-12-14,NA,,51.20000076293945
2018-12-15,NA,,
2018-12-16,averaged,95.6,
2018-12-17,NA,,49.880001068115234
2018-12-18,Tulsa,92.4,46.2400016784668
2018-12-19,NA,,47.20000076293945
2018-12-20,NA,,45.880001068115234
2018-12-21,averaged,0.0,45.59000015258789
2018-12-22,NA,,
2018-12-23,Tulsa,0.0,
2018-12-24,NA,,42.529998779296875
2018-12-25,NA,,
2018-12-26,averaged,100.0,46.220001220703125
2018-12-27,NA,,44.61000061035156
2018-12-28,Tulsa,30.5,45.33000183105469
2018-12-29,NA,,
2018-12-30,NA,,
2018-12-31,averaged,92.6,45.40999984741211
2019-01-01,NA,,
2019-01-02,Tulsa,100.0,46.540000915527344
2019-01-03,NA,,47.09000015258789
2019-01-04,NA,,47.959999084472656
2019-01-05,averaged,0.0,
2019-01-06,NA,,
2019-01-07,Tulsa,0.0,48.52000045776367
2019-01-08,NA,,49.779998779296875
2019-01-09,NA,,52.36000061035156
2019-01-10,averaged,100.0,52.59000015258789
2019-01-11,NA,,51.59000015258789
2019-01-12,Tulsa,100.0,
2019-01-13,NA,,
2019-01-14,NA,,50.5099983215332
2019-01-15,averaged,43.8,52.11000061035156
2019-01-16,NA,,52.310001373291016
2019-01-17,Tulsa,100.0,52.06999969482422
2019-01-18,NA,,53.79999923706055
2019-01-19,NA,,
2019-01-20,averaged,91.4,
2019-01-21,NA,,
2019-01-22,Tulsa,100.0,52.56999969482422
2019-01-23,NA,,52.619998931884766
2019-01-24,NA,,53.130001068115234
2019-01-25,averaged,100.0,53.689998626708984
2019-01-26,NA,,
2019-01-27,Tulsa,0.0,
2019-01-28,NA,,51.9900016784668
2019-01-29,NA,,53.310001373291016
2019-01-30,averaged,0.0,54.22999954223633
2019-01-31,NA,,53.790000915527344
2019-02-01,Tulsa,100.0,55.2599983215332
2019-02-02,NA,,
2019-02-03,NA,,
2019-02-04,averaged,100.0,54.560001373291016
2019-02-05,NA,,53.65999984741211
2019-02-06,Tulsa,100.0,54.0099983215332
2019-02-07,NA,,52.63999938964844
2019-02-08,NA,,52.720001220703125
2019-02-09,averaged,100.0,
2019-02-10,NA,,
2019-02-11,Tulsa,100.0,52.40999984741211
2019-02-12,NA,,53.099998474121094
2019-02-13,NA,,53.900001525878906
2019-02-14,averaged,98.8,54.40999984741211
2019-02-15,NA,,55.59000015258789
2019-02-16,Tulsa,100.0,
2019-02-17,NA,,
2019-02-18,NA,,
2019-02-19,averaged,100.0,56.09000015258789
2019-02-20,NA,,56.91999816894531
2019-02-21,Tulsa,99.0,56.959999084472656
2019-02-22,NA,,57.2599983215332
2019-02-23,NA,,
2019-02-24,averaged,0.0,
2019-02-25,NA,,55.47999954223633
2019-02-26,Tulsa,74.4,55.5
2019-02-27,NA,,56.939998626708984
2019-02-28,NA,,57.220001220703125
2019-03-01,averaged,100.0,55.79999923706055
2019-03-02,NA,,
2019-03-03,Tulsa,99.5,
2019-03-04,NA,,56.59000015258789
2019-03-05,NA,,56.560001373291016
2019-03-06,averaged,1.6,56.220001220703125
2019-03-07,NA,,56.65999984741211
2019-03-08,Tulsa,100.0,56.06999969482422
2019-03-09,NA,,
2019-03-10,NA,,
2019-03-11,averaged,99.5,56.790000915527344
2019-03-12,NA,,56.869998931884766
2019-03-13,Tulsa,76.0,58.2599983215332
2019-03-14,NA,,58.61000061035156
2019-03-15,NA,,58.52000045776367
2019-03-16,averaged,8.0,
2019-03-17,NA,,
2019-03-18,Tulsa,0.0,59.09000015258789
2019-03-19,NA,,59.029998779296875
2019-03-20,NA,,59.83000183105469
2019-03-21,averaged,0.0,59.97999954223633
2019-03-22,NA,,59.040000915527344
2019-03-23,Tulsa,100.0,
2019-03-24,NA,,
2019-03-25,NA,,58.81999969482422
2019-03-26,averaged,0.2,59.939998626708984
2019-03-27,NA,,59.40999984741211
2019-03-28,Tulsa,92.7,59.29999923706055
2019-03-29,NA,,60.13999938964844
2019-03-30,NA,,
2019-03-31,averaged,0.0,
2019-04-01,NA,,61.59000015258789
2019-04-02,Tulsa,0.3,62.58000183105469
2019-04-03,NA,,62.459999084472656
2019-04-04,NA,,62.099998474121094
2019-04-05,averaged,55.1,63.08000183105469
2019-04-06,NA,,
2019-04-07,Tulsa,100.0,
2019-04-08,NA,,64.4000015258789
2019-04-09,NA,,63.97999954223633
2019-04-10,averaged,71.3,64.61000061035156
2019-04-11,NA,,63.58000183105469
2019-04-12,Tulsa,0.0,63.88999938964844
2019-04-13,NA,,
2019-04-14,NA,,
2019-04-15,averaged,0.4,63.400001525878906
2019-04-16,NA,,64.05000305175781
2019-04-17,Tulsa,99.9,63.7599983215332
2019-04-18,NA,,64.0
2019-04-19,NA,,
2019-04-20,averaged,0.0,
2019-04-21,NA,,
2019-04-22,Tulsa,100.0,65.69999694824219
2019-04-23,NA,,66.30000305175781
2019-04-24,NA,,65.88999938964844
2019-04-25,averaged,22.3,65.20999908447266
2019-04-26,NA,,63.29999923706055
2019-04-27,Tulsa,2.5,
2019-04-28,NA,,
2019-04-29,NA,,63.5
2019-04-30,averaged,100.0,63.90999984741211
2019-05-01,NA,,63.599998474121094
2019-05-02,Tulsa,99.7,61.810001373291016
2019-05-03,NA,,61.939998626708984
2019-05-04,NA,,
2019-05-05,averaged,37.1,
2019-05-06,NA,,62.25
2019-05-07,Tulsa,3.4,61.400001525878906
2019-05-08,NA,,62.119998931884766
2019-05-09,NA,,61.70000076293945
2019-05-10,averaged,92.7,61.65999984741211
2019-05-11,NA,,
2019-05-12,Tulsa,10.3,
2019-05-13,NA,,61.040000915527344
2019-05-14,NA,,61.779998779296875
2019-05-15,averaged,0.0,62.02000045776367
2019-05-16,NA,,62.869998931884766
2019-05-17,Tulsa,32.1,62.7599983215332
2019-05-18,NA,,
2019-05-19,NA,,
2019-05-20,averaged,100.0,63.099998474121094
2019-05-21,NA,,62.9900016784668
2019-05-22,Tulsa,100.0,61.41999816894531
2019-05-23,NA,,57.90999984741211
2019-05-24,NA,,58.630001068115234
2019-05-25,averaged,72.7,
2019-05-26,NA,,
2019-05-27,Tulsa,9.2,
2019-05-28,NA,,59.13999938964844
2019-05-29,NA,,58.810001373291016
2019-05-30,averaged,0.0,56.59000015258789
2019-05-31,NA,,53.5
2019-06-01,Tulsa,85.5,
2019-06-02,NA,,
2019-06-03,NA,,53.25
2019-06-04,averaged,97.8,53.47999954223633
2019-06-05,NA,,51.68000030517578
2019-06-06,Tulsa,100.0,52.59000015258789
2019-06-07,NA,,53.9900016784668
2019-06-08,NA,,
2019-06-09,averaged,63.8,
2019-06-10,NA,,53.2599983215332
2019-06-11,Tulsa,31.9,53.27000045776367
2019-06-12,NA,,51.13999938964844
2019-06-13,NA,,52.279998779296875
2019-06-14,averaged,55.6,52.5099983215332
2019-06-15,NA,,
2019-06-16,Tulsa,99.5,
2019-06-17,NA,,51.93000030517578
2019-06-18,NA,,53.900001525878906
2019-06-19,averaged,47.2,53.7599983215332
2019-06-20,NA,,56.650001525878906
2019-06-21,Tulsa,26.2,57.43000030517578
2019-06-22,NA,,
2019-06-23,NA,,
2019-06-24,averaged,6.0,57.900001525878906
2019-06-25,NA,,57.83000183105469
2019-06-26,Tulsa,1.2,59.380001068115234
2019-06-27,NA,,59.43000030517578
2019-06-28,NA,,58.470001220703125
2019-06-29,averaged,3.7,
2019-06-30,NA,,
2019-07-01,Tulsa,60.7,59.09000015258789
2019-07-02,NA,,56.25
2019-07-03,NA,,57.34000015258789
2019-07-04,averaged,75.3,
2019-07-05,NA,,57.5099983215332
2019-07-06,Tulsa,97.0,
2019-07-07,NA,,
2019-07-08,NA,,57.65999984741211
2019-07-09,averaged,10.5,57.83000183105469
2019-07-10,NA,,60.43000030517578
2019-07-11,Tulsa,0.5,60.20000076293945
2019-07-12,NA,,60.209999084472656
2019-07-13,NA,,
2019-07-14,averaged,81.0,
2019-07-15,NA,,59.58000183105469
2019-07-16,Tulsa,87.7,57.619998931884766
2019-07-17,NA,,56.779998779296875
2019-07-18,NA,,55.29999923706055
2019-07-19,averaged,0.0,55.630001068115234
2019-07-20,NA,,
2019-07-21,Tulsa,0.5,
2019-07-22,NA,,56.220001220703125
2019-07-23,NA,,56.77000045776367
2019-07-24,averaged,15.8,55.880001068115234
2019-07-25,NA,,56.02000045776367
2019-07-26,Tulsa,0.7,56.20000076293945
2019-07-27,NA,,
2019-07-28,NA,,
2019-07-29,averaged,47.2,56.869998931884766
2019-07-30,NA,,58.04999923706055
2019-07-31,Tulsa,13.5,58.58000183105469
2019-08-01,NA,,53.95000076293945
2019-08-02,NA,,55.65999984741211
2019-08-03,averaged,100.0,
2019-08-04,NA,,
2019-08-05,Tulsa,60.8,54.689998626708984
2019-08-06,NA,,53.630001068115234
2019-08-07,NA,,51.09000015258789
2019-08-08,averaged,94.3,52.540000915527344
2019-08-09,NA,,54.5
2019-08-10,Tulsa,53.1,
2019-08-11,NA,,
2019-08-12,NA,,54.93000030517578
2019-08-13,averaged,100.0,57.099998474121094
2019-08-14,NA,,55.22999954223633
2019-08-15,Tulsa,19.5,54.470001220703125
2019-08-16,NA,,54.869998931884766
2019-08-17,NA,,
2019-08-18,averaged,42.2,
2019-08-19,NA,,56.209999084472656
2019-08-20,Tulsa,0.4,56.34000015258789
2019-08-21,NA,,55.68000030517578
2019-08-22,NA,,55.349998474121094
2019-08-23,averaged,72.0,54.16999816894531
2019-08-24,NA,,
2019-08-25,Tulsa,100.0,
2019-08-26,NA,,53.63999938964844
2019-08-27,NA,,54.93000030517578
2019-08-28,averaged,6.8,55.779998779296875
2019-08-29,NA,,56.709999084472656
2019-08-30,Tulsa,100.0,55.099998474121094
2019-08-31,NA,,
2019-09-01,NA,,
2019-09-02,averaged,11.7,
2019-09-03,NA,,53.939998626708984
2019-09-04,Tulsa,3.0,56.2599983215332
2019-09-05,NA,,56.29999923706055
2019-09-06,NA,,56.52000045776367
2019-09-07,averaged,0.0,
2019-09-08,NA,,
2019-09-09,Tulsa,15.8,57.849998474121094
2019-09-10,NA,,57.400001525878906
2019-09-11,NA,,55.75
2019-09-12,averaged,34.0,55.09000015258789
2019-09-13,NA,,54.849998474121094
2019-09-14,Tulsa,3.4,
2019-09-15,NA,,
2019-09-16,NA,,62.900001525878906
2019-09-17,averaged,0.4,59.34000015258789
2019-09-18,NA,,58.11000061035156
2019-09-19,Tulsa,9.0,58.130001068115234
2019-09-20,NA,,58.09000015258789
2019-09-21,NA,,
2019-09-22,averaged,100.0,
2019-09-23,NA,,58.63999938964844
2019-09-24,Tulsa,100.0,57.290000915527344
2019-09-25,NA,,56.4900016784668
2019-09-26,NA,,56.40999984741211
2019-09-27,averaged,0.0,55.90999984741211
2019-09-28,NA,,
2019-09-29,Tulsa,100.0,
2019-09-30,NA,,54.06999969482422
2019-10-01,NA,,53.619998931884766
2019-10-02,averaged,19.4,52.63999938964844
2019-10-03,NA,,52.45000076293945
2019-10-04,Tulsa,82.9,52.810001373291016
2019-10-05,NA,,
2019-10-06,NA,,
2019-10-07,averaged,0.0,52.75
2019-10-08,NA,,52.630001068115234
2019-10-09,Tulsa,99.7,52.59000015258789
2019-10-10,NA,,53.54999923706055
2019-10-11,NA,,54.70000076293945
2019-10-12,averaged,0.0,
2019-10-13,NA,,
2019-10-14,Tulsa,8.9,53.59000015258789
2019-10-15,NA,,52.810001373291016
2019-10-16,NA,,53.36000061035156
2019-10-17,averaged,0.0,53.93000030517578
2019-10-18,NA,,53.779998779296875
2019-10-19,Tulsa,2.6,
2019-10-20,NA,,
2019-10-21,NA,,53.310001373291016
2019-10-22,averaged,0.0,54.15999984741211
2019-10-23,NA,,55.970001220703125
2019-10-24,Tulsa,100.0,56.22999954223633
2019-10-25,NA,,56.65999984741211
2019-10-26,NA,,
2019-10-27,averaged,0.0,
2019-10-28,NA,,55.810001373291016
2019-10-29,Tulsa,100.0,55.540000915527344
2019-10-30,NA,,55.060001373291016
2019-10-31,NA,,54.18000030517578
2019-11-01,averaged,0.0,56.20000076293945
2019-11-02,NA,,
2019-11-03,Tulsa,0.0,
2019-11-04,NA,,56.540000915527344
2019-11-05,NA,,57.22999954223633
2019-11-06,averaged,100.0,56.349998474121094
2019-11-07,NA,,57.150001525878906
2019-11-08,Tulsa,2.3,57.2400016784668
2019-11-09,NA,,
2019-11-10,NA,,
2019-11-11,averaged,100.0,56.86000061035156
2019-11-12,NA,,56.79999923706055
2019-11-13,Tulsa,0.0,57.119998931884766
2019-11-14,NA,,56.77000045776367
2019-11-15,NA,,57.720001220703125
2019-11-16,averaged,3.8,
2019-11-17,NA,,
2019-11-18,Tulsa,57.5,57.04999923706055
2019-11-19,NA,,55.209999084472656
2019-11-20,NA,,57.11000061035156
2019-11-21,averaged,100.0,58.58000183105469
2019-11-22,NA,,57.77000045776367
2019-11-23,Tulsa,41.1,
2019-11-24,NA,,
2019-11-25,NA,,58.0099983215332
2019-11-26,averaged,99.9,58.40999984741211
2019-11-27,NA,,58.11000061035156
2019-11-28,Tulsa,100.0,
2019-11-29,NA,,55.16999816894531
2019-11-30,NA,,
2019-12-01,averaged,0.7,
2019-12-02,NA,,55.959999084472656
2019-12-03,Tulsa,4.8,56.099998474121094
2019-12-04,NA,,58.43000030517578
2019-12-05,NA,,58.43000030517578
2019-12-06,averaged,46.0,59.20000076293945
2019-12-07,NA,,
2019-12-08,Tulsa,100.0,
2019-12-09,NA,,59.02000045776367
2019-12-10,NA,,59.2400016784668
2019-12-11,averaged,27.8,58.7599983215332
2019-12-12,NA,,59.18000030517578
2019-12-13,Tulsa,87.0,60.06999969482422
2019-12-14,NA,,
2019-12-15,NA,,
2019-12-16,averaged,100.0,60.209999084472656
2019-12-17,NA,,60.939998626708984
2019-12-18,Tulsa,0.0,60.93000030517578
2019-12-19,NA,,61.220001220703125
2019-12-20,NA,,60.439998626708984
2019-12-21,averaged,100.0,
2019-12-22,NA,,
2019-12-23,Tulsa,87.4,60.52000045776367
2019-12-24,NA,,61.11000061035156
2019-12-25,NA,,
2019-12-26,averaged,38.0,61.68000030517578
2019-12-27,NA,,61.720001220703125
2019-12-28,Tulsa,100.0,
2019-12-29,NA,,
2019-12-30,NA,,61.68000030517578
2019-12-31,averaged,2.6,61.060001373291016
2020-01-01,NA,,
2020-01-02,Tulsa,65.5,61.18000030517578
2020-01-03,NA,,63.04999923706055
2020-01-04,NA,,
2020-01-05,averaged,0.0,
2020-01-06,NA,,63.27000045776367
2020-01-07,Tulsa,0.0,62.70000076293945
2020-01-08,NA,,59.61000061035156
2020-01-09,NA,,59.560001373291016
2020-01-10,averaged,99.2,59.040000915527344
2020-01-11,NA,,
2020-01-12,Tulsa,98.7,
2020-01-13,NA,,58.08000183105469
2020-01-14,NA,,58.22999954223633
2020-01-15,averaged,93.4,57.810001373291016
2020-01-16,NA,,58.52000045776367
2020-01-17,Tulsa,99.9,58.540000915527344
2020-01-18,NA,,
2020-01-19,NA,,
2020-01-20,averaged,0.0,
2020-01-21,NA,,58.34000015258789
2020-01-22,Tulsa,100.0,56.7400016784668
2020-01-23,NA,,55.59000015258789
2020-01-24,NA,,54.189998626708984
2020-01-25,averaged,70.0,
2020-01-26,NA,,
2020-01-27,Tulsa,0.0,53.13999938964844
2020-01-28,NA,,53.47999954223633
2020-01-29,NA,,53.33000183105469
2020-01-30,averaged,100.0,52.13999938964844
2020-01-31,NA,,51.560001373291016
2020-02-01,Tulsa,0.0,
2020-02-02,NA,,
2020-02-03,NA,,50.11000061035156
2020-02-04,averaged,100.0,49.61000061035156
2020-02-05,NA,,50.75
2020-02-06,Tulsa,50.8,50.95000076293945
2020-02-07,NA,,50.31999969482422
2020-02-08,NA,,
2020-02-09,averaged,98.6,
2020-02-10,NA,,49.56999969482422
2020-02-11,Tulsa,100.0,49.939998626708984
2020-02-12,NA,,51.16999816894531
2020-02-13,NA,,51.41999816894531
2020-02-14,averaged,50.0,52.04999923706055
2020-02-15,NA,,
2020-02-16,Tulsa,100.0,
2020-02-17,NA,,
2020-02-18,NA,,52.04999923706055
2020-02-19,averaged,9.3,53.290000915527344
2020-02-20,NA,,53.779998779296875
2020-02-21,Tulsa,0.0,53.380001068115234
2020-02-22,NA,,
2020-02-23,NA,,
2020-02-24,averaged,100.0,51.43000030517578
2020-02-25,NA,,49.900001525878906
2020-02-26,Tulsa,79.7,48.72999954223633
2020-02-27,NA,,47.09000015258789
2020-02-28,NA,,44.7599983215332
2020-02-29,averaged,55.9,
2020-03-01,NA,,
2020-03-02,Tulsa,100.0,46.75
2020-03-03,NA,,47.18000030517578
2020-03-04,NA,,46.779998779296875
2020-03-05,averaged,0.0,45.900001525878906
2020-03-06,NA,,41.279998779296875
2020-03-07,Tulsa,0.1,
2020-03-08,NA,,
2020-03-09,NA,,31.1299991607666
2020-03-10,averaged,0.6,34.36000061035156
2020-03-11,NA,,32.97999954223633
2020-03-12,Tulsa,2.1,31.5
2020-03-13,NA,,31.729999542236328
2020-03-14,NA,,
2020-03-15,averaged,100.0,
2020-03-16,NA,,28.700000762939453
2020-03-17,Tulsa,100.0,26.950000762939453
2020-03-18,NA,,20.3700008392334
2020-03-19,NA,,25.219999313354492
2020-03-20,averaged,100.0,22.43000030517578
2020-03-21,NA,,
2020-03-22,Tulsa,100.0,
2020-03-23,NA,,23.360000610351562
2020-03-24,NA,,24.010000228881836
2020-03-25,averaged,11.0,24.489999771118164
2020-03-26,NA,,22.600000381469727
2020-03-27,Tulsa,99.1,21.510000228881836
2020-03-28,NA,,
2020-03-29,NA,,
2020-03-30,averaged,100.0,20.09000015258789
2020-03-31,NA,,20.479999542236328
2020-04-01,Tulsa,97.8,20.309999465942383
2020-04-02,NA,,25.31999969482422
2020-04-03,NA,,28.34000015258789
2020-04-04,averaged,100.0,
2020-04-05,NA,,
2020-04-06,Tulsa,100.0,26.079999923706055
2020-04-07,NA,,23.6299991607666
2020-04-08,NA,,25.09000015258789
2020-04-09,averaged,72.6,22.760000228881836
2020-04-10,NA,,
2020-04-11,Tulsa,77.4,
2020-04-12,NA,,
2020-04-13,NA,,22.40999984741211
2020-04-14,averaged,79.0,20.110000610351562
2020-04-15,NA,,19.8700008392334
2020-04-16,Tulsa,0.0,19.8700008392334
2020-04-17,NA,,18.270000457763672
2020-04-18,NA,,
2020-04-19,averaged,100.0,
2020-04-20,NA,,-37.630001068115234
2020-04-21,Tulsa,0.0,10.010000228881836
2020-04-22,NA,,13.779999732971191
2020-04-23,NA,,16.5
2020-04-24,averaged,49.0,16.940000534057617
2020-04-25,NA,,
2020-04-26,Tulsa,3.8,
2020-04-27,NA,,12.779999732971191
2020-04-28,NA,,12.34000015258789
2020-04-29,averaged,19.8,15.0600004196167
2020-04-30,NA,,18.84000015258789
2020-05-01,Tulsa,16.0,19.780000686645508
2020-05-02,NA,,
2020-05-03,NA,,
2020-05-04,averaged,27.7,20.389999389648438
2020-05-05,NA,,24.559999465942383
2020-05-06,Tulsa,0.0,23.989999771118164
2020-05-07,NA,,23.549999237060547
2020-05-08,NA,,24.739999771118164
2020-05-09,averaged,18.8,
2020-05-10,NA,,
2020-05-11,Tulsa,100.0,24.139999389648438
2020-05-12,NA,,25.780000686645508
2020-05-13,NA,,25.290000915527344
2020-05-14,averaged,41.3,27.559999465942383
2020-05-15,NA,,29.43000030517578
2020-05-16,Tulsa,100.0,
2020-05-17,NA,,
2020-05-18,NA,,31.81999969482422
2020-05-19,averaged,25.8,32.5
2020-05-20,NA,,33.4900016784668
2020-05-21,Tulsa,100.0,33.91999816894531
2020-05-22,NA,,33.25
2020-05-23,NA,,
2020-05-24,averaged,97.7,
2020-05-25,NA,,
2020-05-26,Tulsa,99.5,34.349998474121094
2020-05-27,NA,,32.810001373291016
2020-05-28,NA,,33.709999084472656
2020-05-29,averaged,0.0,35.4900016784668
2020-05-30,NA,,
2020-05-31,Tulsa,0.3,
2020-06-01,NA,,35.439998626708984
2020-06-02,NA,,36.810001373291016
2020-06-03,averaged,9.8,37.290000915527344
2020-06-04,NA,,37.40999984741211
2020-06-05,Tulsa,0.1,39.54999923706055
2020-06-06,NA,,
2020-06-07,NA,,
2020-06-08,averaged,12.6,38.189998626708984
2020-06-09,NA,,38.939998626708984
2020-06-10,Tulsa,1.1,39.599998474121094
2020-06-11,NA,,36.34000015258789
2020-06-12,NA,,36.2599983215332
2020-06-13,averaged,0.0,
2020-06-14,NA,,
2020-06-15,Tulsa,46.7,37.119998931884766
2020-06-16,NA,,38.380001068115234
2020-06-17,NA,,37.959999084472656
2020-06-18,averaged,0.7,38.84000015258789
2020-06-19,NA,,39.75
2020-06-20,Tulsa,100.0,
2020-06-21,NA,,
2020-06-22,NA,,40.459999084472656
2020-06-23,averaged,100.0,40.369998931884766
2020-06-24,NA,,38.0099983215332
2020-06-25,Tulsa,2.9,38.720001220703125
2020-06-26,NA,,38.4900016784668
2020-06-27,NA,,
2020-06-28,averaged,97.0,
2020-06-29,NA,,39.70000076293945
2020-06-30,Tulsa,100.0,39.27000045776367
2020-07-01,NA,,39.81999969482422
2020-07-02,NA,,40.650001525878906
2020-07-03,averaged,8.4,
2020-07-04,NA,,
2020-07-05,Tulsa,79.4,
2020-07-06,NA,,40.630001068115234
2020-07-07,NA,,40.619998931884766
2020-07-08,averaged,41.8,40.900001525878906
2020-07-09,NA,,39.619998931884766
2020-07-10,Tulsa,100.0,40.54999923706055
2020-07-11,NA,,
2020-07-12,NA,,
2020-07-13,averaged,72.8,40.099998474121094
2020-07-14,NA,,40.290000915527344
2020-07-15,Tulsa,47.3,41.20000076293945
2020-07-16,NA,,40.75
2020-07-17,NA,,40.59000015258789
2020-07-18,averaged,13.5,
2020-07-19,NA,,
2020-07-20,Tulsa,3.0,40.810001373291016
2020-07-21,NA,,41.959999084472656
2020-07-22,NA,,41.900001525878906
2020-07-23,averaged,88.4,41.06999969482422
2020-07-24,NA,,41.290000915527344
2020-07-25,Tulsa,95.6,
2020-07-26,NA,,
2020-07-27,NA,,41.599998474121094
2020-07-28,averaged,100.0,41.040000915527344
2020-07-29,NA,,41.27000045776367
2020-07-30,Tulsa,5.3,39.91999816894531
2020-07-31,NA,,40.27000045776367
2020-08-01,NA,,
2020-08-02,averaged,31.4,
2020-08-03,NA,,41.0099983215332
2020-08-04,Tulsa,0.3,41.70000076293945
2020-08-05,NA,,42.189998626708984
2020-08-06,NA,,41.95000076293945
2020-08-07,averaged,84.4,41.220001220703125
2020-08-08,NA,,
2020-08-09,Tulsa,23.3,
2020-08-10,NA,,41.939998626708984
2020-08-11,NA,,41.61000061035156
2020-08-12,averaged,54.6,42.66999816894531
2020-08-13,NA,,42.2400016784668
2020-08-14,Tulsa,0.1,42.0099983215332
2020-08-15,NA,,
2020-08-16,NA,,
2020-08-17,averaged,33.3,42.88999938964844
2020-08-18,NA,,42.88999938964844
2020-08-19,Tulsa,0.3,42.93000030517578
2020-08-20,NA,,42.58000183105469
2020-08-21,NA,,42.34000015258789
2020-08-22,averaged,0.0,
2020-08-23,NA,,
2020-08-24,Tulsa,0.1,42.619998931884766
2020-08-25,NA,,43.349998474121094
2020-08-26,NA,,43.38999938964844
2020-08-27,averaged,69.0,43.040000915527344
2020-08-28,NA,,42.970001220703125
2020-08-29,Tulsa,100.0,
2020-08-30,NA,,
2020-08-31,NA,,42.61000061035156
2020-09-01,averaged,89.8,42.7599983215332
2020-09-02,NA,,41.5099983215332
2020-09-03,Tulsa,10.6,41.369998931884766
2020-09-04,NA,,39.77000045776367
2020-09-05,NA,,
2020-09-06,averaged,0.6,
2020-09-07,NA,,
2020-09-08,Tulsa,51.6,36.7599983215332
2020-09-09,NA,,38.04999923706055
2020-09-10,NA,,37.29999923706055
2020-09-11,averaged,100.0,37.33000183105469
2020-09-12,NA,,
2020-09-13,Tulsa,50.9,
2020-09-14,NA,,37.2599983215332
2020-09-15,NA,,38.279998779296875
2020-09-16,averaged,27.8,40.15999984741211
2020-09-17,NA,,40.970001220703125
2020-09-18,Tulsa,100.0,41.11000061035156
2020-09-19,NA,,
2020-09-20,NA,,
2020-09-21,averaged,9.2,39.310001373291016
2020-09-22,NA,,39.599998474121094
2020-09-23,Tulsa,100.0,39.93000030517578
2020-09-24,NA,,40.310001373291016
2020-09-25,NA,,40.25
2020-09-26,averaged,0.0,
2020-09-27,NA,,
2020-09-28,Tulsa,0.4,40.599998474121094
2020-09-29,NA,,39.290000915527344
2020-09-30,NA,,40.220001220703125
2020-10-01,averaged,10.6,38.720001220703125
2020-10-02,NA,,37.04999923706055
2020-10-03,Tulsa,68.8,
2020-10-04,NA,,
2020-10-05,NA,,39.220001220703125
2020-10-06,averaged,0.0,40.66999816894531
2020-10-07,NA,,39.95000076293945
2020-10-08,Tulsa,0.7,41.189998626708984
2020-10-09,NA,,40.599998474121094
2020-10-10,NA,,
2020-10-11,averaged,0.0,
2020-10-12,NA,,39.43000030517578
2020-10-13,Tulsa,0.0,40.20000076293945
2020-10-14,NA,,41.040000915527344
2020-10-15,NA,,40.959999084472656
2020-10-16,averaged,4.6,40.880001068115234
2020-10-17,NA,,
2020-10-18,Tulsa,100.0,
2020-10-19,NA,,40.83000183105469
2020-10-20,NA,,41.459999084472656
2020-10-21,averaged,25.8,40.029998779296875
2020-10-22,NA,,40.63999938964844
2020-10-23,Tulsa,100.0,39.849998474121094
2020-10-24,NA,,
2020-10-25,NA,,
2020-10-26,Tulsa,100.0,38.560001373291016
2020-10-27,NA,,39.56999969482422
2020-10-28,Tulsa,100.0,37.38999938964844
2020-10-29,NA,,36.16999816894531
2020-10-30,NA,,35.790000915527344
2020-10-31,averaged,26.6,
2020-11-01,NA,,
2020-11-02,Tulsa,0.0,36.810001373291016
2020-11-03,NA,,37.65999984741211
2020-11-04,NA,,39.150001525878906
2020-11-05,averaged,0.0,38.790000915527344
2020-11-06,NA,,37.13999938964844
2020-11-07,Tulsa,0.3,
2020-11-08,NA,,
2020-11-09,NA,,40.290000915527344
2020-11-10,averaged,30.3,41.36000061035156
2020-11-11,NA,,41.45000076293945
2020-11-12,Tulsa,0.0,41.119998931884766
2020-11-13,NA,,40.130001068115234
2020-11-14,NA,,
2020-11-15,averaged,0.0,
2020-11-16,NA,,41.34000015258789
2020-11-17,Tulsa,0.0,41.43000030517578
2020-11-18,NA,,41.81999969482422
2020-11-19,NA,,41.7400016784668
2020-11-20,averaged,11.4,42.150001525878906
2020-11-21,NA,,
2020-11-22,Tulsa,100.0,
2020-11-23,NA,,43.060001373291016
2020-11-24,NA,,44.90999984741211
2020-11-25,averaged,23.4,45.709999084472656
2020-11-26,NA,,
2020-11-27,Tulsa,2.2,45.529998779296875
2020-11-28,NA,,
2020-11-29,NA,,
2020-11-30,averaged,0.0,45.34000015258789
2020-12-01,NA,,44.54999923706055
2020-12-02,Tulsa,100.0,45.279998779296875
2020-12-03,NA,,45.63999938964844
2020-12-04,NA,,46.2599983215332
2020-12-05,averaged,0.0,
2020-12-06,NA,,
2020-12-07,Tulsa,0.0,45.7599983215332
2020-12-08,NA,,45.599998474121094
2020-12-09,NA,,45.52000045776367
2020-12-10,averaged,0.0,46.779998779296875
2020-12-11,NA,,46.56999969482422
2020-12-12,Tulsa,100.0,
2020-12-13,NA,,
2020-12-14,NA,,46.9900016784668
2020-12-15,averaged,98.8,47.619998931884766
2020-12-16,NA,,47.81999969482422
2020-12-17,Tulsa,0.1,48.36000061035156
2020-12-18,NA,,49.099998474121094
2020-12-19,NA,,
2020-12-20,averaged,1.6,
2020-12-21,NA,,47.7400016784668
2020-12-22,Tulsa,19.0,47.02000045776367
2020-12-23,NA,,48.119998931884766
2020-12-24,NA,,48.22999954223633
2020-12-25,averaged,0.0,
2020-12-26,NA,,
2020-12-27,Tulsa,0.7,
2020-12-28,NA,,47.619998931884766
2020-12-29,NA,,48.0
2020-12-30,averaged,99.0,48.400001525878906
2020-12-31,NA,,48.52000045776367
2021-01-01,Tulsa,100.0,
2021-01-02,NA,,
2021-01-03,NA,,
2021-01-04,averaged,0.0,47.619998931884766
2021-01-05,NA,,49.93000030517578
2021-01-06,Tulsa,100.0,50.630001068115234
2021-01-07,NA,,50.83000183105469
2021-01-08,NA,,52.2400016784668
2021-01-09,averaged,27.7,
2021-01-10,NA,,
2021-01-11,Tulsa,0.1,52.25
2021-01-12,NA,,53.209999084472656
2021-01-13,NA,,52.90999984741211
2021-01-14,averaged,51.0,53.56999969482422
2021-01-15,NA,,52.36000061035156
2021-01-16,Tulsa,46.2,
2021-01-17,NA,,
2021-01-18,NA,,
2021-01-19,averaged,97.6,52.97999954223633
2021-01-20,NA,,53.2400016784668
2021-01-21,Tulsa,100.0,53.130001068115234
2021-01-22,NA,,52.27000045776367
2021-01-23,NA,,
2021-01-24,averaged,100.0,
2021-01-25,NA,,52.77000045776367
2021-01-26,Tulsa,100.0,52.61000061035156
2021-01-27,NA,,52.849998474121094
2021-01-28,NA,,52.34000015258789
2021-01-29,averaged,86.6,52.20000076293945
2021-01-30,NA,,
2021-01-31,Tulsa,100.0,
2021-02-01,NA,,53.54999923706055
2021-02-02,NA,,54.7599983215332
2021-02-03,averaged,0.0,55.689998626708984
2021-02-04,NA,,56.22999954223633
2021-02-05,Tulsa,92.9,56.849998474121094
2021-02-06,NA,,
2021-02-07,NA,,
2021-02-08,averaged,100.0,57.970001220703125
2021-02-09,NA,,58.36000061035156
2021-02-10,Tulsa,100.0,58.68000030517578
2021-02-11,NA,,58.2400016784668
2021-02-12,NA,,59.470001220703125
2021-02-13,averaged,81.4,
2021-02-14,NA,,
2021-02-15,Tulsa,73.5,
2021-02-16,NA,,60.04999923706055
2021-02-17,NA,,61.13999938964844
2021-02-18,averaged,3.0,60.52000045776367
2021-02-19,NA,,59.2400016784668
2021-02-20,Tulsa,0.0,
2021-02-21,NA,,
2021-02-22,NA,,61.4900016784668
2021-02-23,averaged,0.0,61.66999816894531
2021-02-24,NA,,63.220001220703125
2021-02-25,Tulsa,25.6,63.529998779296875
2021-02-26,NA,,61.5
2021-02-27,NA,,
2021-02-28,averaged,91.2,
2021-03-01,NA,,60.63999938964844
2021-03-02,Tulsa,0.0,59.75
2021-03-03,NA,,61.279998779296875
2021-03-04,NA,,63.83000183105469
2021-03-05,averaged,100.0,66.08999633789062
2021-03-06,NA,,
2021-03-07,Tulsa,0.3,
2021-03-08,NA,,65.05000305175781
2021-03-09,NA,,64.01000213623047
2021-03-10,averaged,56.0,64.44000244140625
2021-03-11,NA,,66.0199966430664
2021-03-12,Tulsa,100.0,65.61000061035156
2021-03-13,NA,,
2021-03-14,NA,,
2021-03-15,averaged,0.0,65.38999938964844
2021-03-16,NA,,64.80000305175781
2021-03-17,Tulsa,50.8,64.5999984741211
2021-03-18,NA,,60.0
2021-03-19,NA,,61.41999816894531
2021-03-20,averaged,0.0,
2021-03-21,NA,,
2021-03-22,Tulsa,100.0,61.54999923706055
2021-03-23,NA,,57.7599983215332
2021-03-24,NA,,61.18000030517578
2021-03-25,averaged,95.6,58.560001373291016
2021-03-26,NA,,60.970001220703125
2021-03-27,Tulsa,0.1,
2021-03-28,NA,,
2021-03-29,NA,,61.560001373291016
2021-03-30,averaged,48.0,60.54999923706055
2021-03-31,NA,,59.15999984741211
2021-04-01,Tulsa,0.0,61.45000076293945
2021-04-02,NA,,
2021-04-03,NA,,
2021-04-04,averaged,54.2,
2021-04-05,NA,,58.650001525878906
2021-04-06,Tulsa,100.0,59.33000183105469
2021-04-07,NA,,59.77000045776367
2021-04-08,NA,,59.599998474121094
2021-04-09,averaged,96.6,59.31999969482422
2021-04-10,NA,,
2021-04-11,Tulsa,0.0,
2021-04-12,NA,,59.70000076293945
2021-04-13,NA,,60.18000030517578
2021-04-14,averaged,99.9,63.150001525878906
2021-04-15,NA,,63.459999084472656
2021-04-16,Tulsa,100.0,63.130001068115234
2021-04-17,NA,,
2021-04-18,NA,,
2021-04-19,averaged,0.0,63.380001068115234
2021-04-20,NA,,62.439998626708984
2021-04-21,Tulsa,25.1,61.349998474121094
2021-04-22,NA,,61.43000030517578
2021-04-23,NA,,62.13999938964844
2021-04-24,averaged,99.8,
2021-04-25,NA,,
2021-04-26,Tulsa,100.0,61.90999984741211
2021-04-27,NA,,62.939998626708984
2021-04-28,NA,,63.86000061035156
2021-04-29,averaged,91.6,65.01000213623047
2021-04-30,NA,,63.58000183105469
2021-05-01,Tulsa,100.0,
2021-05-02,NA,,
2021-05-03,NA,,64.48999786376953
2021-05-04,averaged,99.9,65.69000244140625
2021-05-05,NA,,65.62999725341797
2021-05-06,Tulsa,0.0,64.70999908447266
2021-05-07,NA,,64.9000015258789
2021-05-08,NA,,
2021-05-09,averaged,99.9,
2021-05-10,NA,,64.91999816894531
2021-05-11,Tulsa,100.0,65.27999877929688
2021-05-12,NA,,66.08000183105469
2021-05-13,NA,,63.81999969482422
2021-05-14,averaged,51.4,65.37000274658203
2021-05-15,NA,,
2021-05-16,Tulsa,100.0,
2021-05-17,NA,,66.2699966430664
2021-05-18,NA,,65.48999786376953
2021-05-19,averaged,100.0,63.36000061035156
2021-05-20,NA,,62.04999923706055
2021-05-21,Tulsa,99.6,63.58000183105469
2021-05-22,NA,,
2021-05-23,NA,,
2021-05-24,averaged,100.0,66.05000305175781
2021-05-25,NA,,66.06999969482422
2021-05-26,Tulsa,100.0,66.20999908447266
2021-05-27,NA,,66.8499984741211
2021-05-28,NA,,66.31999969482422
2021-05-29,averaged,5.0,
2021-05-30,NA,,
2021-05-31,Tulsa,100.0,
2021-06-01,NA,,67.72000122070312
2021-06-02,NA,,68.83000183105469
2021-06-03,averaged,49.4,68.80999755859375
2021-06-04,NA,,69.62000274658203
2021-06-05,Tulsa,99.6,
2021-06-06,NA,,
2021-06-07,NA,,69.2300033569336
2021-06-08,averaged,79.8,70.05000305175781
2021-06-09,NA,,69.95999908447266
2021-06-10,Tulsa,87.1,70.29000091552734
2021-06-11,NA,,70.91000366210938
2021-06-12,NA,,
2021-06-13,averaged,44.2,
2021-06-14,NA,,70.87999725341797
2021-06-15,Tulsa,0.5,72.12000274658203
2021-06-16,NA,,72.1500015258789
2021-06-17,NA,,71.04000091552734
2021-06-18,averaged,0.6,71.63999938964844
2021-06-19,NA,,
2021-06-20,Tulsa,0.6,
2021-06-21,NA,,73.66000366210938
2021-06-22,NA,,73.05999755859375
2021-06-23,averaged,80.5,73.08000183105469
2021-06-24,NA,,73.30000305175781
2021-06-25,Tulsa,19.9,74.05000305175781
2021-06-26,NA,,
2021-06-27,NA,,
2021-06-28,averaged,100.0,72.91000366210938
2021-06-29,NA,,72.9800033569336
2021-06-30,Tulsa,97.2,73.47000122070312
2021-07-01,NA,,75.2300033569336
2021-07-02,NA,,75.16000366210938
2021-07-03,averaged,16.7,
2021-07-04,NA,,
2021-07-05,Tulsa,4.8,
2021-07-06,NA,,73.37000274658203
2021-07-07,NA,,72.19999694824219
2021-07-08,averaged,29.2,72.94000244140625
2021-07-09,NA,,74.55999755859375
2021-07-10,Tulsa,98.1,
2021-07-11,NA,,
2021-07-12,NA,,74.0999984741211
2021-07-13,averaged,1.4,75.25
2021-07-14,NA,,73.12999725341797
2021-07-15,Tulsa,45.2,71.6500015258789
2021-07-16,NA,,71.80999755859375
2021-07-17,NA,,
2021-07-18,averaged,57.6,
2021-07-19,NA,,66.41999816894531
2021-07-20,Tulsa,68.2,67.41999816894531
2021-07-21,NA,,70.30000305175781
2021-07-22,NA,,71.91000366210938
2021-07-23,averaged,2.3,72.06999969482422
2021-07-24,NA,,
2021-07-25,Tulsa,1.5,
2021-07-26,NA,,71.91000366210938
2021-07-27,NA,,71.6500015258789
2021-07-28,averaged,14.1,72.38999938964844
2021-07-29,NA,,73.62000274658203
2021-07-30,Tulsa,26.3,73.94999694824219
2021-07-31,NA,,
2021-08-01,NA,,
2021-08-02,averaged,65.1,71.26000213623047
2021-08-03,NA,,70.55999755859375
2021-08-04,Tulsa,81.7,68.1500015258789
2021-08-05,NA,,69.08999633789062
2021-08-06,NA,,68.27999877929688
2021-08-07,averaged,9.8,
2021-08-08,NA,,
2021-08-09,Tulsa,97.8,66.4800033569336
2021-08-10,NA,,68.29000091552734
2021-08-11,NA,,69.25
2021-08-12,averaged,68.0,69.08999633789062
2021-08-13,NA,,68.44000244140625
2021-08-14,Tulsa,94.9,
2021-08-15,NA,,
2021-08-16,NA,,67.29000091552734
2021-08-17,averaged,45.4,66.58999633789062
2021-08-18,NA,,65.45999908447266
2021-08-19,Tulsa,99.7,63.689998626708984
2021-08-20,NA,,62.31999969482422
2021-08-21,NA,,
2021-08-22,averaged,0.1,
2021-08-23,NA,,65.63999938964844
2021-08-24,Tulsa,0.0,67.54000091552734
2021-08-25,NA,,68.36000061035156
2021-08-26,NA,,67.41999816894531
2021-08-27,averaged,37.5,68.73999786376953
2021-08-28,NA,,
2021-08-29,Tulsa,70.8,
2021-08-30,NA,,69.20999908447266
2021-08-31,NA,,68.5
2021-09-01,averaged,0.4,68.58999633789062
2021-09-02,NA,,69.98999786376953
2021-09-03,NA,,69.29000091552734
2021-09-04,NA,,
2021-09-05,NA,,
2021-09-06,averaged,9.4,
2021-09-07,NA,,68.3499984741211
2021-09-08,Tulsa,0.0,69.30000305175781
2021-09-09,NA,,68.13999938964844
2021-09-10,NA,,69.72000122070312
2021-09-11,averaged,4.2,
2021-09-12,NA,,
2021-09-13,Tulsa,16.8,70.44999694824219
2021-09-14,NA,,70.45999908447266
2021-09-15,NA,,72.61000061035156
2021-09-16,averaged,5.2,72.61000061035156
2021-09-17,NA,,71.97000122070312
2021-09-18,Tulsa,38.9,
2021-09-19,NA,,
2021-09-20,NA,,70.29000091552734
2021-09-21,averaged,59.4,70.55999755859375
2021-09-22,NA,,72.2300033569336
2021-09-23,Tulsa,0.0,73.30000305175781
2021-09-24,NA,,73.9800033569336
2021-09-25,NA,,
2021-09-26,averaged,0.0,
2021-09-27,NA,,75.44999694824219
2021-09-28,Tulsa,2.3,75.29000091552734
2021-09-29,NA,,74.83000183105469
2021-09-30,NA,,75.02999877929688
2021-10-01,averaged,100.0,75.87999725341797
2021-10-02,NA,,
2021-10-03,Tulsa,37.7,
2021-10-04,NA,,77.62000274658203
2021-10-05,NA,,78.93000030517578
2021-10-06,averaged,23.5,77.43000030517578
2021-10-07,NA,,78.30000305175781
2021-10-08,Tulsa,0.0,79.3499984741211
2021-10-09,NA,,
2021-10-10,NA,,
2021-10-11,averaged,1.8,80.5199966430664
2021-10-12,NA,,80.63999938964844
2021-10-13,Tulsa,90.5,80.44000244140625
2021-10-14,NA,,81.30999755859375
2021-10-15,NA,,82.27999877929688
2021-10-16,averaged,0.0,
2021-10-17,NA,,
2021-10-18,Tulsa,0.0,82.44000244140625
2021-10-19,NA,,82.95999908447266
2021-10-20,NA,,83.87000274658203
2021-10-21,averaged,3.4,82.5
2021-10-22,NA,,83.76000213623047
2021-10-23,Tulsa,3.2,
2021-10-24,NA,,
2021-10-25,NA,,83.76000213623047
2021-10-26,averaged,56.3,84.6500015258789
2021-10-27,NA,,82.66000366210938
2021-10-28,Tulsa,99.1,82.80999755859375
2021-10-29,NA,,83.56999969482422
2021-10-30,NA,,
2021-10-31,averaged,16.2,
2021-11-01,NA,,84.05000305175781
2021-11-02,Tulsa,100.0,83.91000366210938
2021-11-03,NA,,80.86000061035156
2021-11-04,NA,,78.80999755859375
2021-11-05,averaged,9.4,81.2699966430664
2021-11-06,NA,,
2021-11-07,Tulsa,0.0,
2021-11-08,NA,,81.93000030517578
2021-11-09,NA,,84.1500015258789
2021-11-10,averaged,100.0,81.33999633789062
2021-11-11,NA,,81.58999633789062
2021-11-12,Tulsa,0.0,80.79000091552734
2021-11-13,NA,,
2021-11-14,NA,,
2021-11-15,averaged,0.0,80.87999725341797
2021-11-16,NA,,80.76000213623047
2021-11-17,Tulsa,99.6,78.36000061035156
2021-11-18,NA,,79.01000213623047
2021-11-19,NA,,76.0999984741211
2021-11-20,averaged,88.2,
2021-11-21,NA,,
2021-11-22,Tulsa,0.2,76.75
2021-11-23,NA,,78.5
2021-11-24,NA,,78.38999938964844
2021-11-25,averaged,0.0,
2021-11-26,NA,,68.1500015258789
2021-11-27,Tulsa,36.2,
2021-11-28,NA,,
2021-11-29,NA,,69.94999694824219
2021-11-30,averaged,0.0,66.18000030517578
2021-12-01,NA,,65.56999969482422
2021-12-02,Tulsa,0.0,66.5
2021-12-03,NA,,66.26000213623047
2021-12-04,NA,,
2021-12-05,averaged,23.4,
2021-12-06,NA,,69.48999786376953
2021-12-07,Tulsa,100.0,72.05000305175781
2021-12-08,NA,,72.36000061035156
2021-12-09,NA,,70.94000244140625
2021-12-10,averaged,98.4,71.66999816894531
2021-12-11,NA,,
2021-12-12,Tulsa,0.0,
2021-12-13,NA,,71.29000091552734
2021-12-14,NA,,70.7300033569336
2021-12-15,averaged,99.9,70.87000274658203
2021-12-16,NA,,72.37999725341797
2021-12-17,Tulsa,97.7,70.86000061035156
2021-12-18,NA,,
2021-12-19,NA,,
2021-12-20,averaged,48.2,68.2300033569336
2021-12-21,NA,,71.12000274658203
2021-12-22,Tulsa,0.0,72.76000213623047
2021-12-23,NA,,73.79000091552734
2021-12-24,NA,,
2021-12-25,averaged,73.6,
2021-12-26,NA,,
2021-12-27,Tulsa,1.0,75.56999969482422
2021-12-28,NA,,75.9800033569336
2021-12-29,NA,,76.55999755859375
2021-12-30,averaged,40.4,76.98999786376953
2021-12-31,NA,,75.20999908447266
2022-01-01,Tulsa,100.0,
2022-01-02,NA,,
2022-01-03,NA,,76.08000183105469
2022-01-04,averaged,99.9,76.98999786376953
2022-01-05,NA,,77.8499984741211
2022-01-06,Tulsa,100.0,79.45999908447266
2022-01-07,NA,,78.9000015258789
2022-01-08,NA,,
2022-01-09,averaged,7.4,
2022-01-10,NA,,78.2300033569336
2022-01-11,Tulsa,0.0,81.22000122070312
2022-01-12,NA,,82.63999938964844
2022-01-13,NA,,82.12000274658203
2022-01-14,averaged,99.4,83.81999969482422
2022-01-15,NA,,
2022-01-16,Tulsa,100.0,
2022-01-17,NA,,
2022-01-18,NA,,85.43000030517578
2022-01-19,averaged,99.8,86.95999908447266
2022-01-20,NA,,86.9000015258789
2022-01-21,Tulsa,0.0,85.13999938964844
2022-01-22,NA,,
2022-01-23,NA,,
2022-01-24,averaged,0.0,83.30999755859375
2022-01-25,NA,,85.5999984741211
2022-01-26,Tulsa,65.1,87.3499984741211
2022-01-27,NA,,86.61000061035156
2022-01-28,NA,,86.81999969482422
2022-01-29,averaged,0.0,
2022-01-30,NA,,
2022-01-31,Tulsa,0.0,88.1500015258789
2022-02-01,NA,,88.19999694824219
2022-02-02,NA,,88.26000213623047
2022-02-03,averaged,100.0,90.2699966430664
2022-02-04,NA,,92.30999755859375
2022-02-05,Tulsa,0.0,
2022-02-06,NA,,
2022-02-07,NA,,91.31999969482422
2022-02-08,averaged,0.0,89.36000061035156
2022-02-09,NA,,89.66000366210938
2022-02-10,Tulsa,0.0,89.87999725341797
2022-02-11,NA,,93.0999984741211
2022-02-12,NA,,
2022-02-13,averaged,0.0,
2022-02-14,NA,,95.45999908447266
2022-02-15,Tulsa,13.4,92.06999969482422
2022-02-16,NA,,93.66000366210938
2022-02-17,NA,,91.76000213623047
2022-02-18,averaged,0.0,91.06999969482422
2022-02-19,NA,,
2022-02-20,Tulsa,4.2,
2022-02-21,NA,,
2022-02-22,NA,,92.3499984741211
2022-02-23,averaged,100.0,92.0999984741211
2022-02-24,NA,,92.80999755859375
2022-02-25,Tulsa,0.4,91.58999633789062
2022-02-26,NA,,
2022-02-27,NA,,
2022-02-28,averaged,4.7,95.72000122070312
2022-03-01,NA,,103.41000366210938
2022-03-02,Tulsa,0.0,110.5999984741211
2022-03-03,NA,,107.66999816894531
2022-03-04,NA,,115.68000030517578
2022-03-05,averaged,56.2,
2022-03-06,NA,,
2022-03-07,Tulsa,74.8,119.4000015258789
2022-03-08,NA,,123.69999694824219
2022-03-09,NA,,108.69999694824219
2022-03-10,averaged,51.1,106.0199966430664
2022-03-11,NA,,109.33000183105469
2022-03-12,Tulsa,0.0,
2022-03-13,NA,,
2022-03-14,NA,,103.01000213623047
2022-03-15,averaged,14.6,96.44000244140625
2022-03-16,NA,,95.04000091552734
2022-03-17,Tulsa,4.0,102.9800033569336
2022-03-18,NA,,104.69999694824219
2022-03-19,NA,,
2022-03-20,averaged,0.2,
2022-03-21,NA,,112.12000274658203
2022-03-22,Tulsa,99.7,111.76000213623047
2022-03-23,NA,,114.93000030517578
2022-03-24,NA,,112.33999633789062
2022-03-25,averaged,0.0,113.9000015258789
2022-03-26,NA,,
2022-03-27,Tulsa,24.4,
2022-03-28,NA,,105.95999908447266
2022-03-29,NA,,104.23999786376953
2022-03-30,averaged,100.0,107.81999969482422
2022-03-31,NA,,100.27999877929688
2022-04-01,Tulsa,0.0,99.2699966430664
2022-04-02,NA,,
2022-04-03,NA,,
2022-04-04,averaged,99.9,103.27999877929688
2022-04-05,NA,,101.95999908447266
2022-04-06,Tulsa,0.0,96.2300033569336
2022-04-07,NA,,96.02999877929688
2022-04-08,NA,,98.26000213623047
2022-04-09,averaged,0.0,
2022-04-10,NA,,
2022-04-11,Tulsa,100.0,94.29000091552734
2022-04-12,NA,,100.5999984741211
2022-04-13,NA,,104.25
2022-04-14,averaged,0.0,106.94999694824219
2022-04-15,NA,,
2022-04-16,Tulsa,100.0,
2022-04-17,NA,,
2022-04-18,NA,,108.20999908447266
2022-04-19,averaged,88.5,102.55999755859375
2022-04-20,NA,,102.75
2022-04-21,Tulsa,100.0,103.79000091552734
2022-04-22,NA,,102.06999969482422
2022-04-23,NA,,
2022-04-24,averaged,100.0,
2022-04-25,NA,,98.54000091552734
2022-04-26,Tulsa,0.0,101.69999694824219
2022-04-27,NA,,102.0199966430664
2022-04-28,NA,,105.36000061035156
2022-04-29,NA,,104.69000244140625
2022-04-30,NA,,
2022-05-01,Tulsa,94.9,
2022-05-02,NA,,105.16999816894531
2022-05-03,NA,,102.41000366210938
2022-05-04,averaged,100.0,107.80999755859375
2022-05-05,NA,,108.26000213623047
2022-05-06,Tulsa,97.2,109.7699966430664
2022-05-07,NA,,
2022-05-08,NA,,
2022-05-09,averaged,35.6,103.08999633789062
2022-05-10,NA,,99.76000213623047
2022-05-11,Tulsa,68.7,105.70999908447266
2022-05-12,NA,,106.12999725341797
2022-05-13,NA,,110.48999786376953
2022-05-14,averaged,3.1,
2022-05-15,NA,,
2022-05-16,Tulsa,3.1,114.19999694824219
2022-05-17,NA,,112.4000015258789
2022-05-18,NA,,109.58999633789062
2022-05-19,averaged,7.8,112.20999908447266
2022-05-20,NA,,113.2300033569336
2022-05-21,Tulsa,100.0,
2022-05-22,NA,,
2022-05-23,NA,,110.29000091552734
2022-05-24,averaged,100.0,109.7699966430664
2022-05-25,NA,,110.33000183105469
2022-05-26,Tulsa,100.0,114.08999633789062
2022-05-27,NA,,115.06999969482422
2022-05-28,NA,,
2022-05-29,averaged,35.5,
2022-05-30,NA,,
2022-05-31,Tulsa,99.9,114.66999816894531
2022-06-01,NA,,115.26000213623047
2022-06-02,NA,,116.87000274658203
2022-06-03,averaged,63.8,118.87000274658203
2022-06-04,NA,,
2022-06-05,Tulsa,100.0,
2022-06-06,NA,,118.5
2022-06-07,NA,,119.41000366210938
2022-06-08,averaged,100.0,122.11000061035156
2022-06-09,NA,,121.51000213623047
2022-06-10,Tulsa,6.6,120.66999816894531
2022-06-11,NA,,
2022-06-12,NA,,
2022-06-13,averaged,0.1,120.93000030517578
2022-06-14,NA,,118.93000030517578
2022-06-15,Tulsa,87.7,115.30999755859375
2022-06-16,NA,,117.58999633789062
2022-06-17,NA,,109.55999755859375
2022-06-18,averaged,22.6,
2022-06-19,NA,,
2022-06-20,Tulsa,0.4,
2022-06-21,NA,,110.6500015258789
2022-06-22,NA,,106.19000244140625
2022-06-23,averaged,20.6,104.2699966430664
2022-06-24,NA,,107.62000274658203
2022-06-25,Tulsa,0.0,
2022-06-26,NA,,
2022-06-27,NA,,109.56999969482422
2022-06-28,averaged,18.8,111.76000213623047
2022-06-29,NA,,109.77999877929688
2022-06-30,Tulsa,0.6,105.76000213623047
2022-07-01,NA,,108.43000030517578
2022-07-02,NA,,
2022-07-03,averaged,2.0,
2022-07-04,NA,,
2022-07-05,Tulsa,0.0,99.5
2022-07-06,NA,,98.52999877929688
2022-07-07,NA,,102.7300033569336
2022-07-08,averaged,60.4,104.79000091552734
2022-07-09,NA,,
2022-07-10,Tulsa,0.4,
2022-07-11,NA,,104.08999633789062
2022-07-12,NA,,95.83999633789062
2022-07-13,averaged,30.3,96.30000305175781
2022-07-14,NA,,95.77999877929688
2022-07-15,Tulsa,0.4,97.58999633789062
2022-07-16,NA,,
2022-07-17,NA,,
2022-07-18,averaged,0.0,102.5999984741211
2022-07-19,NA,,104.22000122070312
2022-07-20,Tulsa,95.0,102.26000213623047
2022-07-21,NA,,96.3499984741211
2022-07-22,NA,,94.69999694824219
2022-07-23,averaged,0.0,
2022-07-24,NA,,
2022-07-25,Tulsa,83.0,96.69999694824219
2022-07-26,NA,,94.9800033569336
2022-07-27,NA,,97.26000213623047
2022-07-28,averaged,82.9,96.41999816894531
2022-07-29,NA,,98.62000274658203
2022-07-30,Tulsa,100.0,
2022-07-31,NA,,
2022-08-01,NA,,93.88999938964844
2022-08-02,averaged,0.0,94.41999816894531
2022-08-03,NA,,90.66000366210938
2022-08-04,Tulsa,99.6,88.54000091552734
2022-08-05,NA,,89.01000213623047
2022-08-06,NA,,
2022-08-07,averaged,69.6,
2022-08-08,NA,,90.76000213623047
2022-08-09,Tulsa,84.0,90.5
2022-08-10,NA,,91.93000030517578
2022-08-11,NA,,94.33999633789062
2022-08-12,averaged,17.8,92.08999633789062
2022-08-13,NA,,
2022-08-14,Tulsa,0.2,
2022-08-15,NA,,89.41000366210938
2022-08-16,NA,,86.52999877929688
2022-08-17,averaged,100.0,88.11000061035156
2022-08-18,NA,,90.5
2022-08-19,Tulsa,60.3,90.7699966430664
2022-08-20,NA,,
2022-08-21,NA,,
2022-08-22,averaged,55.8,90.2300033569336
2022-08-23,NA,,93.73999786376953
2022-08-24,Tulsa,60.8,94.88999938964844
2022-08-25,NA,,92.5199966430664
2022-08-26,NA,,93.05999755859375
2022-08-27,averaged,38.6,
2022-08-28,NA,,
2022-08-29,Tulsa,86.0,97.01000213623047
2022-08-30,NA,,91.63999938964844
2022-08-31,NA,,89.55000305175781
2022-09-01,averaged,100.0,86.61000061035156
2022-09-02,NA,,86.87000274658203
2022-09-03,Tulsa,7.0,
2022-09-04,NA,,
2022-09-05,NA,,
2022-09-06,averaged,0.4,86.87999725341797
2022-09-07,NA,,81.94000244140625
2022-09-08,Tulsa,21.8,83.54000091552734
2022-09-09,NA,,86.79000091552734
2022-09-10,NA,,
2022-09-11,averaged,13.4,
2022-09-12,NA,,87.77999877929688
2022-09-13,Tulsa,0.8,87.30999755859375
2022-09-14,NA,,88.4800033569336
2022-09-15,NA,,85.0999984741211
2022-09-16,averaged,17.8,85.11000061035156
2022-09-17,NA,,
2022-09-18,Tulsa,0.3,
2022-09-19,NA,,85.7300033569336
2022-09-20,NA,,84.44999694824219
2022-09-21,averaged,0.1,82.94000244140625
2022-09-22,NA,,83.48999786376953
2022-09-23,Tulsa,0.0,78.73999786376953
2022-09-24,NA,,
2022-09-25,NA,,
2022-09-26,averaged,0.0,76.70999908447266
2022-09-27,NA,,78.5
2022-09-28,Tulsa,0.1,82.1500015258789
2022-09-29,NA,,81.2300033569336
2022-09-30,NA,,79.48999786376953
2022-10-01,averaged,0.0,
2022-10-02,NA,,
2022-10-03,Tulsa,0.0,83.62999725341797
2022-10-04,NA,,86.5199966430664
2022-10-05,NA,,87.76000213623047
2022-10-06,averaged,0.6,88.44999694824219
2022-10-07,NA,,92.63999938964844
2022-10-08,Tulsa,15.6,
2022-10-09,NA,,
2022-10-10,NA,,91.12999725341797
2022-10-11,averaged,71.2,89.3499984741211
2022-10-12,NA,,87.2699966430664
2022-10-13,Tulsa,0.0,89.11000061035156
2022-10-14,NA,,85.61000061035156
2022-10-15,NA,,
2022-10-16,averaged,100.0,
2022-10-17,NA,,85.45999908447266
2022-10-18,Tulsa,0.0,82.81999969482422
2022-10-19,NA,,85.55000305175781
2022-10-20,NA,,85.9800033569336
2022-10-21,averaged,0.0,85.05000305175781
2022-10-22,NA,,
2022-10-23,Tulsa,13.1,
2022-10-24,NA,,84.58000183105469
2022-10-25,NA,,85.31999969482422
2022-10-26,averaged,0.0,87.91000366210938
2022-10-27,NA,,89.08000183105469
2022-10-28,Tulsa,57.4,87.9000015258789
2022-10-29,NA,,
2022-10-30,NA,,
2022-10-31,averaged,0.0,86.52999877929688
2022-11-01,NA,,88.37000274658203
2022-11-02,Tulsa,69.0,90.0
2022-11-03,NA,,88.16999816894531
2022-11-04,NA,,92.61000061035156
2022-11-05,averaged,0.0,
2022-11-06,NA,,
2022-11-07,NA,,91.79000091552734
2022-11-08,NA,,88.91000366210938
2022-11-09,NA,,85.83000183105469
2022-11-10,averaged,100.0,86.47000122070312
2022-11-11,NA,,88.95999908447266
2022-11-12,Tulsa,1.1,
2022-11-13,NA,,
2022-11-14,NA,,85.87000274658203
2022-11-15,averaged,31.2,86.91999816894531
2022-11-16,NA,,85.58999633789062
2022-11-17,Tulsa,0.0,81.63999938964844
2022-11-18,NA,,80.08000183105469
2022-11-19,NA,,
2022-11-20,averaged,0.0,
2022-11-21,NA,,79.7300033569336
2022-11-22,Tulsa,0.0,80.94999694824219
2022-11-23,NA,,77.94000244140625
2022-11-24,NA,,
2022-11-25,averaged,50.0,76.27999877929688
2022-11-26,NA,,
2022-11-27,Tulsa,73.4,
2022-11-28,NA,,77.23999786376953
2022-11-29,NA,,78.19999694824219
2022-11-30,averaged,0.0,80.55000305175781
2022-12-01,NA,,81.22000122070312
2022-12-02,Tulsa,100.0,79.9800033569336
2022-12-03,NA,,
2022-12-04,NA,,
2022-12-05,averaged,50.0,76.93000030517578
2022-12-06,NA,,74.25
2022-12-07,Tulsa,100.0,72.01000213623047
2022-12-08,NA,,71.45999908447266
2022-12-09,NA,,71.0199966430664
2022-12-10,averaged,100.0,
2022-12-11,NA,,
2022-12-12,NA,,73.16999816894531
2022-12-13,NA,,75.38999938964844
2022-12-14,NA,,77.27999877929688
2022-12-15,averaged,0.0,76.11000061035156
2022-12-16,NA,,74.29000091552734
2022-12-17,Tulsa,0.0,
2022-12-18,NA,,
2022-12-19,NA,,75.19000244140625
2022-12-20,averaged,100.0,76.08999633789062
2022-12-21,NA,,78.29000091552734
2022-12-22,Tulsa,100.0,77.48999786376953
2022-12-23,NA,,79.55999755859375
2022-12-24,NA,,
2022-12-25,averaged,11.5,
2022-12-26,NA,,
2022-12-27,Tulsa,42.2,79.52999877929688
2022-12-28,NA,,78.95999908447266
2022-12-29,NA,,78.4000015258789
2022-12-30,averaged,0.0,80.26000213623047
2022-12-31,NA,,
2023-01-01,Tulsa,99.9,
2023-01-02,NA,,
2023-01-03,NA,,76.93000030517578
2023-01-04,averaged,0.0,72.83999633789062
2023-01-05,NA,,73.66999816894531
2023-01-06,Tulsa,97.4,73.7699966430664
2023-01-07,NA,,
2023-01-08,NA,,
2023-01-09,averaged,41.9,74.62999725341797
2023-01-10,NA,,75.12000274658203
2023-01-11,Tulsa,79.9,77.41000366210938
2023-01-12,NA,,78.38999938964844
2023-01-13,NA,,79.86000061035156
2023-01-14,averaged,98.3,
2023-01-15,NA,,
2023-01-16,Tulsa,0.0,
2023-01-17,NA,,80.18000030517578
2023-01-18,NA,,79.4800033569336
2023-01-19,averaged,0.0,80.33000183105469
2023-01-20,NA,,81.30999755859375
2023-01-21,Tulsa,98.5,
2023-01-22,NA,,
2023-01-23,NA,,81.62000274658203
2023-01-24,averaged,100.0,80.12999725341797
2023-01-25,NA,,80.1500015258789
2023-01-26,Tulsa,0.0,81.01000213623047
2023-01-27,NA,,79.68000030517578
2023-01-28,NA,,
2023-01-29,averaged,100.0,
2023-01-30,NA,,77.9000015258789
2023-01-31,Tulsa,99.8,78.87000274658203
2023-02-01,NA,,76.41000366210938
2023-02-02,NA,,75.87999725341797
2023-02-03,averaged,0.0,73.38999938964844
2023-02-04,NA,,
2023-02-05,Tulsa,0.0,
2023-02-06,NA,,74.11000061035156
2023-02-07,NA,,77.13999938964844
2023-02-08,averaged,100.0,78.47000122070312
2023-02-09,NA,,78.05999755859375
2023-02-10,Tulsa,99.2,79.72000122070312
2023-02-11,NA,,
2023-02-12,NA,,
2023-02-13,averaged,5.9,80.13999938964844
2023-02-14,NA,,79.05999755859375
2023-02-15,Tulsa,0.0,78.58999633789062
2023-02-16,NA,,78.48999786376953
2023-02-17,NA,,76.33999633789062
2023-02-18,averaged,84.3,
2023-02-19,NA,,
2023-02-20,Tulsa,100.0,
2023-02-21,NA,,76.16000366210938
2023-02-22,NA,,73.94999694824219
2023-02-23,averaged,0.0,75.38999938964844
2023-02-24,NA,,76.31999969482422
2023-02-25,Tulsa,100.0,
2023-02-26,NA,,
2023-02-27,NA,,75.68000030517578
2023-02-28,averaged,26.6,77.05000305175781
2023-03-01,NA,,77.69000244140625
2023-03-02,Tulsa,99.0,78.16000366210938
2023-03-03,NA,,79.68000030517578
2023-03-04,NA,,
2023-03-05,averaged,78.4,
2023-03-06,NA,,80.45999908447266
2023-03-07,Tulsa,100.0,77.58000183105469
2023-03-08,NA,,76.66000366210938
2023-03-09,NA,,75.72000122070312
2023-03-10,averaged,57.4,76.68000030517578
2023-03-11,NA,,
2023-03-12,Tulsa,100.0,
2023-03-13,NA,,74.80000305175781
2023-03-14,NA,,71.33000183105469
2023-03-15,averaged,100.0,67.61000061035156
2023-03-16,NA,,68.3499984741211
2023-03-17,Tulsa,0.0,66.73999786376953
2023-03-18,NA,,
2023-03-19,NA,,
2023-03-20,averaged,99.7,67.63999938964844
2023-03-21,NA,,69.33000183105469
2023-03-22,Tulsa,100.0,70.9000015258789
2023-03-23,NA,,69.95999908447266
2023-03-24,NA,,69.26000213623047
2023-03-25,averaged,23.5,
2023-03-26,NA,,
2023-03-27,Tulsa,51.9,72.80999755859375
2023-03-28,NA,,73.19999694824219
2023-03-29,NA,,72.97000122070312
2023-03-30,averaged,100.0,74.37000274658203
2023-03-31,NA,,75.66999816894531
2023-04-01,Tulsa,0.1,
2023-04-02,NA,,
2023-04-03,NA,,80.41999816894531
2023-04-04,averaged,100.0,80.70999908447266
2023-04-05,NA,,80.61000061035156
2023-04-06,Tulsa,100.0,80.69999694824219
2023-04-07,NA,,
2023-04-08,NA,,
2023-04-09,averaged,71.9,
2023-04-10,NA,,79.73999786376953
2023-04-11,Tulsa,5.1,81.52999877929688
2023-04-12,NA,,83.26000213623047
2023-04-13,NA,,82.16000366210938
2023-04-14,averaged,5.8,82.5199966430664
2023-04-15,NA,,
2023-04-16,NA,,
2023-04-17,NA,,80.83000183105469
2023-04-18,NA,,80.86000061035156
2023-04-19,averaged,53.6,79.16000366210938
2023-04-20,NA,,77.29000091552734
2023-04-21,Tulsa,4.4,77.87000274658203
2023-04-22,NA,,
2023-04-23,NA,,
2023-04-24,averaged,50.0,78.76000213623047
2023-04-25,NA,,77.06999969482422
2023-04-26,Tulsa,100.0,74.30000305175781
2023-04-27,NA,,74.76000213623047
2023-04-28,NA,,76.77999877929688
2023-04-29,averaged,0.0,
2023-04-30,NA,,
2023-05-01,Tulsa,0.0,75.66000366210938
2023-05-02,NA,,71.66000366210938
2023-05-03,NA,,68.5999984741211
2023-05-04,averaged,100.0,68.55999755859375
2023-05-05,NA,,71.33999633789062
2023-05-06,Tulsa,0.1,
2023-05-07,NA,,
2023-05-08,NA,,73.16000366210938
2023-05-09,averaged,21.3,73.70999908447266
2023-05-10,NA,,72.55999755859375
2023-05-11,Tulsa,100.0,70.87000274658203
2023-05-12,NA,,70.04000091552734
2023-05-13,NA,,
2023-05-14,averaged,100.0,
2023-05-15,NA,,71.11000061035156
2023-05-16,Tulsa,100.0,70.86000061035156
2023-05-17,NA,,72.83000183105469
2023-05-18,NA,,71.86000061035156
2023-05-19,averaged,92.3,71.55000305175781
2023-05-20,NA,,
2023-05-21,Tulsa,97.2,
2023-05-22,NA,,71.98999786376953
2023-05-23,NA,,72.91000366210938
2023-05-24,averaged,75.3,74.33999633789062
2023-05-25,NA,,71.83000183105469
2023-05-26,Tulsa,79.7,72.66999816894531
2023-05-27,NA,,
2023-05-28,NA,,
2023-05-29,averaged,68.4,
2023-05-30,NA,,69.45999908447266
2023-05-31,Tulsa,10.4,68.08999633789062
2023-06-01,NA,,70.0999984741211
2023-06-02,NA,,71.73999786376953
2023-06-03,averaged,87.5,
2023-06-04,NA,,
2023-06-05,Tulsa,15.5,72.1500015258789
2023-06-06,NA,,71.73999786376953
2023-06-07,NA,,72.52999877929688
2023-06-08,averaged,3.2,71.29000091552734
2023-06-09,NA,,70.16999816894531
2023-06-10,Tulsa,100.0,
2023-06-11,NA,,
2023-06-12,NA,,67.12000274658203
2023-06-13,averaged,68.2,69.41999816894531
2023-06-14,NA,,68.2699966430664
2023-06-15,Tulsa,0.8,70.62000274658203
2023-06-16,NA,,71.77999877929688
2023-06-17,NA,,
2023-06-18,averaged,49.6,
2023-06-19,NA,,
2023-06-20,Tulsa,98.6,70.5
2023-06-21,NA,,72.52999877929688
2023-06-22,NA,,69.51000213623047
2023-06-23,averaged,99.6,69.16000366210938
2023-06-24,NA,,
2023-06-25,Tulsa,23.9,
2023-06-26,NA,,69.37000274658203
2023-06-27,NA,,67.69999694824219
2023-06-28,averaged,2.1,69.55999755859375
2023-06-29,NA,,69.86000061035156
2023-06-30,Tulsa,13.0,70.63999938964844
2023-07-01,NA,,
2023-07-02,NA,,
2023-07-03,averaged,20.7,69.79000091552734
2023-07-04,NA,,
2023-07-05,Tulsa,100.0,71.79000091552734
2023-07-06,NA,,71.80000305175781
2023-07-07,NA,,73.86000061035156
2023-07-08,averaged,73.2,
2023-07-09,NA,,
2023-07-10,Tulsa,10.2,72.98999786376953
2023-07-11,NA,,74.83000183105469
2023-07-12,NA,,75.75
2023-07-13,averaged,30.4,76.88999938964844
2023-07-14,NA,,75.41999816894531
2023-07-15,Tulsa,100.0,
2023-07-16,NA,,
2023-07-17,NA,,74.1500015258789
2023-07-18,averaged,10.8,75.75
2023-07-19,NA,,75.3499984741211
2023-07-20,Tulsa,88.5,75.62999725341797
2023-07-21,NA,,77.06999969482422
2023-07-22,NA,,
2023-07-23,averaged,0.0,
2023-07-24,NA,,78.73999786376953
2023-07-25,Tulsa,80.2,79.62999725341797
2023-07-26,NA,,78.77999877929688
2023-07-27,NA,,80.08999633789062
2023-07-28,averaged,0.0,80.58000183105469
2023-07-29,NA,,
2023-07-30,Tulsa,0.1,
2023-07-31,NA,,81.80000305175781
2023-08-01,NA,,81.37000274658203
2023-08-02,averaged,0.0,79.48999786376953
2023-08-03,NA,,81.55000305175781
2023-08-04,Tulsa,38.6,82.81999969482422
2023-08-05,NA,,
2023-08-06,NA,,
2023-08-07,averaged,1.0,81.94000244140625
2023-08-08,NA,,82.91999816894531
2023-08-09,Tulsa,52.2,84.4000015258789
2023-08-10,NA,,82.81999969482422
2023-08-11,NA,,83.19000244140625
2023-08-12,averaged,85.8,
2023-08-13,NA,,
2023-08-14,Tulsa,65.5,82.51000213623047
2023-08-15,NA,,80.98999786376953
2023-08-16,NA,,79.37999725341797
2023-08-17,averaged,0.0,80.38999938964844
2023-08-18,NA,,81.25
2023-08-19,Tulsa,0.7,
2023-08-20,NA,,
2023-08-21,NA,,80.72000122070312
2023-08-22,averaged,0.1,80.3499984741211
2023-08-23,NA,,78.88999938964844
2023-08-24,Tulsa,0.5,79.05000305175781
2023-08-25,NA,,79.83000183105469
2023-08-26,NA,,
2023-08-27,averaged,56.6,
2023-08-28,NA,,80.0999984741211
2023-08-29,Tulsa,15.4,81.16000366210938
2023-08-30,NA,,81.62999725341797
2023-08-31,NA,,83.62999725341797
2023-09-01,averaged,0.0,85.55000305175781
2023-09-02,NA,,
2023-09-03,Tulsa,74.6,
2023-09-04,NA,,
2023-09-05,NA,,86.69000244140625
2023-09-06,averaged,0.2,87.54000091552734
2023-09-07,NA,,86.87000274658203
2023-09-08,Tulsa,7.9,87.51000213623047
2023-09-09,NA,,
2023-09-10,NA,,
2023-09-11,averaged,85.2,87.29000091552734
2023-09-12,NA,,88.83999633789062
2023-09-13,Tulsa,94.2,88.5199966430664
2023-09-14,NA,,90.16000366210938
2023-09-15,NA,,90.7699966430664
2023-09-16,averaged,92.6,
2023-09-17,NA,,
2023-09-18,Tulsa,1.6,91.4800033569336
2023-09-19,NA,,91.19999694824219
2023-09-20,NA,,90.27999877929688
2023-09-21,averaged,72.6,89.62999725341797
2023-09-22,NA,,90.02999877929688
2023-09-23,Tulsa,17.5,
2023-09-24,NA,,
2023-09-25,NA,,89.68000030517578
2023-09-26,averaged,0.0,90.38999938964844
2023-09-27,NA,,93.68000030517578
2023-09-28,Tulsa,0.0,91.70999908447266
2023-09-29,NA,,90.79000091552734
2023-09-30,NA,,
2023-10-01,averaged,7.6,
2023-10-02,NA,,88.81999969482422
2023-10-03,Tulsa,100.0,89.2300033569336
2023-10-04,NA,,84.22000122070312
2023-10-05,NA,,82.30999755859375
2023-10-06,averaged,95.8,82.79000091552734
2023-10-07,NA,,
2023-10-08,Tulsa,0.0,
2023-10-09,NA,,86.37999725341797
2023-10-10,NA,,85.97000122070312
2023-10-11,averaged,22.0,83.48999786376953
2023-10-12,NA,,82.91000366210938
2023-10-13,Tulsa,0.0,87.69000244140625
2023-10-14,NA,,
2023-10-15,NA,,
2023-10-16,averaged,0.0,86.66000366210938
2023-10-17,NA,,86.66000366210938
2023-10-18,Tulsa,15.6,88.31999969482422
2023-10-19,NA,,89.37000274658203
2023-10-20,NA,,88.75
2023-10-21,averaged,79.8,
2023-10-22,NA,,
2023-10-23,Tulsa,51.4,85.48999786376953
2023-10-24,NA,,83.73999786376953
2023-10-25,NA,,85.38999938964844
2023-10-26,averaged,40.6,83.20999908447266
2023-10-27,NA,,85.54000091552734
2023-10-28,Tulsa,100.0,
2023-10-29,NA,,
2023-10-30,NA,,82.30999755859375
2023-10-31,averaged,0.0,81.0199966430664
2023-11-01,NA,,80.44000244140625
2023-11-02,Tulsa,0.0,82.45999908447266
2023-11-03,NA,,80.51000213623047
2023-11-04,NA,,
2023-11-05,averaged,0.0,
2023-11-06,NA,,80.81999969482422
2023-11-07,Tulsa,0.0,77.37000274658203
2023-11-08,NA,,75.33000183105469
2023-11-09,NA,,75.73999786376953
2023-11-10,averaged,0.0,77.16999816894531
2023-11-11,NA,,
2023-11-12,Tulsa,22.6,
2023-11-13,NA,,78.26000213623047
2023-11-14,NA,,78.26000213623047
2023-11-15,averaged,0.0,76.66000366210938
2023-11-16,NA,,72.9000015258789
2023-11-17,Tulsa,100.0,75.88999938964844
2023-11-18,NA,,
2023-11-19,NA,,
2023-11-20,averaged,100.0,77.5999984741211
2023-11-21,NA,,77.7699966430664
2023-11-22,Tulsa,0.0,77.0999984741211
2023-11-23,NA,,
2023-11-24,NA,,75.54000091552734
2023-11-25,averaged,82.0,
2023-11-26,NA,,
2023-11-27,Tulsa,0.0,74.86000061035156
2023-11-28,NA,,76.41000366210938
2023-11-29,NA,,77.86000061035156
2023-11-30,averaged,99.6,75.95999908447266
2023-12-01,NA,,74.06999969482422
2023-12-02,Tulsa,99.5,
2023-12-03,NA,,
2023-12-04,NA,,73.04000091552734
2023-12-05,averaged,0.0,72.31999969482422
2023-12-06,NA,,69.37999725341797
2023-12-07,Tulsa,17.1,69.33999633789062
2023-12-08,NA,,71.2300033569336
2023-12-09,NA,,
2023-12-10,averaged,0.0,
2023-12-11,NA,,71.31999969482422
2023-12-12,Tulsa,100.0,68.61000061035156
2023-12-13,NA,,69.47000122070312
2023-12-14,NA,,71.58000183105469
2023-12-15,averaged,100.0,71.43000030517578
2023-12-16,NA,,
2023-12-17,Tulsa,1.0,
2023-12-18,NA,,72.47000122070312
2023-12-19,NA,,73.44000244140625
2023-12-20,averaged,99.9,74.22000122070312
2023-12-21,NA,,73.88999938964844
2023-12-22,Tulsa,100.0,73.55999755859375
2023-12-23,NA,,
2023-12-24,NA,,
2023-12-25,averaged,80.3,
2023-12-26,NA,,75.56999969482422
2023-12-27,Tulsa,62.8,74.11000061035156
2023-12-28,NA,,71.7699966430664
2023-12-29,NA,,71.6500015258789
2023-12-30,averaged,27.0,
2023-12-31,NA,,
2024-01-01,Tulsa,94.2,
2024-01-02,NA,,70.37999725341797
2024-01-03,NA,,72.69999694824219
2024-01-04,averaged,68.6,72.19000244140625
2024-01-05,NA,,73.80999755859375
2024-01-06,Tulsa,100.0,
2024-01-07,NA,,
2024-01-08,NA,,70.7699966430664
2024-01-09,averaged,99.8,72.23999786376953
2024-01-10,NA,,71.37000274658203
2024-01-11,Tulsa,0.0,72.0199966430664
2024-01-12,NA,,72.68000030517578
2024-01-13,NA,,
2024-01-14,averaged,100.0,
2024-01-15,NA,,
2024-01-16,Tulsa,0.0,72.4000015258789
2024-01-17,NA,,72.55999755859375
2024-01-18,NA,,74.08000183105469
2024-01-19,averaged,37.8,73.41000366210938
2024-01-20,NA,,
2024-01-21,Tulsa,100.0,
2024-01-22,NA,,75.19000244140625
2024-01-23,NA,,74.37000274658203
2024-01-24,averaged,100.0,75.08999633789062
2024-01-25,NA,,77.36000061035156
2024-01-26,Tulsa,100.0,78.01000213623047
2024-01-27,NA,,
2024-01-28,NA,,
2024-01-29,averaged,0.0,76.77999877929688
2024-01-30,NA,,77.81999969482422
2024-01-31,Tulsa,0.0,75.8499984741211
2024-02-01,NA,,73.81999969482422
2024-02-02,NA,,72.27999877929688
2024-02-03,averaged,100.0,
2024-02-04,NA,,
2024-02-05,Tulsa,0.0,72.77999877929688
2024-02-06,NA,,73.30999755859375
2024-02-07,NA,,73.86000061035156
2024-02-08,averaged,0.0,76.22000122070312
2024-02-09,NA,,76.83999633789062
2024-02-10,Tulsa,100.0,
2024-02-11,NA,,
2024-02-12,NA,,76.91999816894531
2024-02-13,averaged,0.0,77.87000274658203
2024-02-14,NA,,76.63999938964844
2024-02-15,Tulsa,0.2,78.02999877929688
2024-02-16,NA,,79.19000244140625
2024-02-17,NA,,
2024-02-18,averaged,0.0,
2024-02-19,NA,,
2024-02-20,Tulsa,0.0,78.18000030517578
2024-02-21,NA,,77.91000366210938
2024-02-22,NA,,78.61000061035156
2024-02-23,averaged,0.0,76.48999786376953
2024-02-24,NA,,
2024-02-25,Tulsa,0.0,
2024-02-26,NA,,77.58000183105469
2024-02-27,NA,,78.87000274658203
2024-02-28,averaged,0.2,78.54000091552734
2024-02-29,NA,,78.26000213623047
2024-03-01,Tulsa,71.2,79.97000122070312
2024-03-02,NA,,
2024-03-03,NA,,
2024-03-04,averaged,77.0,78.73999786376953
2024-03-05,NA,,78.1500015258789
2024-03-06,Tulsa,86.6,79.12999725341797
2024-03-07,NA,,78.93000030517578
2024-03-08,NA,,78.01000213623047
2024-03-09,averaged,0.0,
2024-03-10,NA,,
2024-03-11,Tulsa,0.0,77.93000030517578
2024-03-12,NA,,77.55999755859375
2024-03-13,NA,,79.72000122070312
2024-03-14,averaged,54.6,81.26000213623047
2024-03-15,NA,,81.04000091552734
2024-03-16,Tulsa,73.7,
2024-03-17,NA,,
2024-03-18,NA,,82.72000122070312
2024-03-19,averaged,0.0,83.47000122070312
2024-03-20,NA,,81.68000030517578
2024-03-21,Tulsa,83.6,81.06999969482422
2024-03-22,NA,,80.62999725341797
2024-03-23,NA,,
2024-03-24,averaged,100.0,
2024-03-25,NA,,81.94999694824219
2024-03-26,Tulsa,66.2,81.62000274658203
2024-03-27,NA,,81.3499984741211
2024-03-28,NA,,83.16999816894531
2024-03-29,averaged,99.0,
2024-03-30,NA,,
2024-03-31,Tulsa,100.0,
2024-04-01,NA,,83.70999908447266
2024-04-02,NA,,85.1500015258789
2024-04-03,averaged,0.0,85.43000030517578
2024-04-04,NA,,86.58999633789062
2024-04-05,Tulsa,0.0,86.91000366210938
2024-04-06,NA,,
2024-04-07,NA,,
2024-04-08,averaged,68.2,86.43000030517578
2024-04-09,NA,,85.2300033569336
2024-04-10,Tulsa,100.0,86.20999908447266
2024-04-11,NA,,85.0199966430664
2024-04-12,NA,,85.66000366210938
2024-04-13,averaged,0.0,
2024-04-14,NA,,
2024-04-15,Tulsa,100.0,85.41000366210938
2024-04-16,NA,,85.36000061035156
2024-04-17,NA,,82.69000244140625
2024-04-18,averaged,95.6,82.7300033569336
2024-04-19,NA,,83.13999938964844
2024-04-20,Tulsa,100.0,
2024-04-21,NA,,
2024-04-22,NA,,82.8499984741211
2024-04-23,averaged,53.8,83.36000061035156
2024-04-24,NA,,82.80999755859375
2024-04-25,Tulsa,84.2,83.56999969482422
2024-04-26,NA,,83.8499984741211
2024-04-27,NA,,
2024-04-28,averaged,100.0,
2024-04-29,NA,,82.62999725341797
2024-04-30,Tulsa,6.1,81.93000030517578
2024-05-01,NA,,79.0
2024-05-02,NA,,78.94999694824219
2024-05-03,averaged,99.4,78.11000061035156
2024-05-04,NA,,
2024-05-05,Tulsa,100.0,
2024-05-06,NA,,78.4800033569336
2024-05-07,NA,,78.37999725341797
2024-05-08,averaged,35.6,78.98999786376953
2024-05-09,NA,,79.26000213623047
2024-05-10,Tulsa,3.0,78.26000213623047
2024-05-11,NA,,
2024-05-12,NA,,
2024-05-13,averaged,78.8,79.12000274658203
2024-05-14,NA,,78.0199966430664
2024-05-15,Tulsa,49.3,78.62999725341797
2024-05-16,NA,,79.2300033569336
2024-05-17,NA,,80.05999755859375
2024-05-18,averaged,0.0,
2024-05-19,NA,,
2024-05-20,Tulsa,62.3,79.80000305175781
2024-05-21,NA,,79.26000213623047
2024-05-22,NA,,77.56999969482422
2024-05-23,averaged,99.8,76.87000274658203
2024-05-24,NA,,77.72000122070312
2024-05-25,Tulsa,40.7,
2024-05-26,NA,,
2024-05-27,NA,,
2024-05-28,averaged,78.6,79.83000183105469
2024-05-29,NA,,79.2300033569336
2024-05-30,Tulsa,100.0,77.91000366210938
2024-05-31,NA,,76.98999786376953
2024-06-01,NA,,
2024-06-02,averaged,100.0,
2024-06-03,NA,,74.22000122070312
2024-06-04,Tulsa,99.5,73.25
2024-06-05,NA,,74.06999969482422
2024-06-06,NA,,75.55000305175781
2024-06-07,averaged,56.2,75.52999877929688
2024-06-08,NA,,
2024-06-09,Tulsa,85.3,
2024-06-10,NA,,77.73999786376953
2024-06-11,NA,,77.9000015258789
2024-06-12,averaged,0.5,78.5
2024-06-13,NA,,78.62000274658203
2024-06-14,Tulsa,0.2,78.44999694824219
2024-06-15,NA,,
2024-06-16,NA,,
2024-06-17,averaged,45.4,80.33000183105469
2024-06-18,NA,,81.56999969482422
2024-06-19,Tulsa,54.6,
2024-06-20,NA,,82.16999816894531
2024-06-21,NA,,80.7300033569336
2024-06-22,averaged,5.6,
2024-06-23,NA,,
2024-06-24,Tulsa,9.0,81.62999725341797
2024-06-25,NA,,80.83000183105469
2024-06-26,NA,,80.9000015258789
2024-06-27,averaged,0.0,81.73999786376953
2024-06-28,NA,,81.54000091552734
2024-06-29,Tulsa,13.9,
2024-06-30,NA,,
2024-07-01,NA,,83.37999725341797
2024-07-02,averaged,0.0,82.80999755859375
2024-07-03,NA,,83.87999725341797
2024-07-04,Tulsa,21.6,
2024-07-05,NA,,83.16000366210938
2024-07-06,NA,,
2024-07-07,averaged,100.0,
2024-07-08,NA,,82.33000183105469
2024-07-09,Tulsa,65.9,81.41000366210938
2024-07-10,NA,,82.0999984741211
2024-07-11,NA,,82.62000274658203
2024-07-12,averaged,10.9,82.20999908447266
2024-07-13,NA,,
2024-07-14,Tulsa,1.0,
2024-07-15,NA,,81.91000366210938
2024-07-16,NA,,80.76000213623047
2024-07-17,averaged,100.0,82.8499984741211
2024-07-18,NA,,82.81999969482422
2024-07-19,Tulsa,0.1,80.12999725341797
2024-07-20,NA,,
2024-07-21,NA,,
2024-07-22,averaged,85.2,79.77999877929688
2024-07-23,NA,,76.95999908447266
2024-07-24,Tulsa,59.9,77.58999633789062
2024-07-25,NA,,78.27999877929688
2024-07-26,NA,,77.16000366210938
2024-07-27,averaged,63.4,
2024-07-28,NA,,
2024-07-29,Tulsa,0.3,75.80999755859375
2024-07-30,NA,,74.7300033569336
2024-07-31,NA,,77.91000366210938
2024-08-01,averaged,54.6,76.30999755859375
2024-08-02,NA,,73.5199966430664
2024-08-03,Tulsa,2.3,
2024-08-04,NA,,
2024-08-05,NA,,72.94000244140625
2024-08-06,averaged,0.0,73.19999694824219
2024-08-07,NA,,75.2300033569336
2024-08-08,Tulsa,100.0,76.19000244140625
2024-08-09,NA,,76.83999633789062
2024-08-10,NA,,
2024-08-11,averaged,100.0,
2024-08-12,NA,,80.05999755859375
2024-08-13,Tulsa,67.7,78.3499984741211
2024-08-14,NA,,76.9800033569336
2024-08-15,NA,,78.16000366210938
2024-08-16,averaged,0.8,76.6500015258789
2024-08-17,NA,,
2024-08-18,Tulsa,46.3,
2024-08-19,NA,,74.37000274658203
2024-08-20,NA,,74.04000091552734
2024-08-21,averaged,0.0,71.93000030517578
2024-08-22,NA,,73.01000213623047
2024-08-23,Tulsa,33.3,74.83000183105469
2024-08-24,NA,,
2024-08-25,NA,,
2024-08-26,averaged,19.3,77.41999816894531
2024-08-27,NA,,75.52999877929688
2024-08-28,Tulsa,3.9,74.5199966430664
2024-08-29,NA,,75.91000366210938
2024-08-30,NA,,73.55000305175781
2024-08-31,averaged,99.6,
2024-09-01,NA,,
2024-09-02,Tulsa,43.7,
2024-09-03,NA,,70.33999633789062
2024-09-04,NA,,69.19999694824219
2024-09-05,averaged,26.3,69.1500015258789
2024-09-06,NA,,67.66999816894531
2024-09-07,Tulsa,26.1,
2024-09-08,NA,,
2024-09-09,NA,,68.70999908447266
2024-09-10,averaged,0.0,65.75
2024-09-11,NA,,67.30999755859375
2024-09-12,Tulsa,57.8,68.97000122070312
2024-09-13,NA,,68.6500015258789
2024-09-14,NA,,
2024-09-15,averaged,17.2,
2024-09-16,NA,,70.08999633789062
2024-09-17,Tulsa,99.5,71.19000244140625
2024-09-18,NA,,70.91000366210938
2024-09-19,NA,,71.94999694824219
2024-09-20,averaged,96.4,71.91999816894531
2024-09-21,NA,,
2024-09-22,Tulsa,95.6,
2024-09-23,NA,,70.37000274658203
2024-09-24,NA,,71.55999755859375
2024-09-25,averaged,0.1,69.69000244140625
2024-09-26,NA,,67.66999816894531
2024-09-27,Tulsa,0.0,68.18000030517578
2024-09-28,NA,,
2024-09-29,NA,,
2024-09-30,averaged,0.0,68.16999816894531
2024-10-01,NA,,69.83000183105469
2024-10-02,Tulsa,0.0,70.0999984741211
2024-10-03,NA,,73.70999908447266
2024-10-04,NA,,74.37999725341797
2024-10-05,averaged,0.0,
2024-10-06,NA,,
2024-10-07,Tulsa,0.1,77.13999938964844
2024-10-08,NA,,73.56999969482422
2024-10-09,NA,,73.23999786376953
2024-10-10,averaged,13.5,75.8499984741211
2024-10-11,NA,,75.55999755859375
2024-10-12,Tulsa,0.0,
2024-10-13,NA,,
2024-10-14,NA,,73.83000183105469
2024-10-15,averaged,7.8,70.58000183105469
2024-10-16,NA,,70.38999938964844
2024-10-17,Tulsa,0.0,70.66999816894531
2024-10-18,NA,,69.22000122070312
2024-10-19,NA,,
2024-10-20,averaged,0.8,
2024-10-21,NA,,70.55999755859375
2024-10-22,Tulsa,0.0,72.08999633789062
2024-10-23,NA,,70.7699966430664
2024-10-24,NA,,70.19000244140625
2024-10-25,averaged,0.0,71.77999877929688
2024-10-26,NA,,
2024-10-27,Tulsa,96.4,
2024-10-28,NA,,67.37999725341797
2024-10-29,NA,,67.20999908447266
2024-10-30,NA,,68.61000061035156
2024-10-31,NA,,69.26000213623047
2024-11-01,Tulsa,0.0,69.48999786376953
2024-11-02,NA,,
2024-11-03,NA,,
2024-11-04,averaged,99.7,71.47000122070312
2024-11-05,NA,,71.98999786376953
2024-11-06,Tulsa,0.0,71.69000244140625
2024-11-07,NA,,72.36000061035156
2024-11-08,NA,,70.37999725341797
2024-11-09,averaged,0.0,
2024-11-10,NA,,
2024-11-11,Tulsa,4.9,68.04000091552734
2024-11-12,NA,,68.12000274658203
2024-11-13,NA,,68.43000030517578
2024-11-14,averaged,0.0,68.69999694824219
2024-11-15,NA,,67.0199966430664
2024-11-16,Tulsa,85.1,
2024-11-17,NA,,
2024-11-18,NA,,69.16000366210938
2024-11-19,averaged,0.0,69.38999938964844
2024-11-20,NA,,68.87000274658203
2024-11-21,Tulsa,0.0,70.0999984741211
2024-11-22,NA,,71.23999786376953
2024-11-23,NA,,
2024-11-24,averaged,48.8,
2024-11-25,NA,,68.94000244140625
2024-11-26,Tulsa,0.0,68.7699966430664
2024-11-27,NA,,68.72000122070312
2024-11-28,NA,,
2024-11-29,averaged,0.0,68.0
2024-11-30,NA,,
2024-12-01,Tulsa,8.2,
2024-12-02,NA,,68.0999984741211
2024-12-03,NA,,69.94000244140625
2024-12-04,averaged,21.4,68.54000091552734
2024-12-05,NA,,68.30000305175781
2024-12-06,Tulsa,0.8,67.19999694824219
2024-12-07,NA,,
2024-12-08,NA,,
2024-12-09,averaged,100.0,68.37000274658203
2024-12-10,NA,,68.58999633789062
2024-12-11,Tulsa,0.0,70.29000091552734
2024-12-12,NA,,70.0199966430664
2024-12-13,NA,,71.29000091552734
2024-12-14,averaged,0.4,
2024-12-15,NA,,
2024-12-16,Tulsa,0.1,70.70999908447266
2024-12-17,NA,,70.08000183105469
2024-12-18,NA,,70.58000183105469
2024-12-19,averaged,10.6,69.91000366210938
2024-12-20,NA,,69.45999908447266
2024-12-21,Tulsa,0.0,
2024-12-22,NA,,
2024-12-23,NA,,69.23999786376953
2024-12-24,averaged,100.0,70.0999984741211
2024-12-25,NA,,
2024-12-26,Tulsa,100.0,69.62000274658203
2024-12-27,NA,,70.5999984741211
2024-12-28,NA,,
2024-12-29,averaged,12.0,
2024-12-30,NA,,70.98999786376953
2024-12-31,Tulsa,100.0,71.72000122070312
2025-01-01,NA,,
2025-01-02,NA,,73.12999725341797
2025-01-03,averaged,17.2,73.95999908447266
2025-01-04,NA,,
2025-01-05,Tulsa,100.0,
2025-01-06,NA,,73.55999755859375
2025-01-07,NA,,74.25
2025-01-08,averaged,0.0,73.31999969482422
2025-01-09,NA,,73.91999816894531
2025-01-10,Tulsa,97.6,76.56999969482422
2025-01-11,NA,,
2025-01-12,NA,,
2025-01-13,averaged,0.0,78.81999969482422
2025-01-14,NA,,77.5
2025-01-15,Tulsa,0.0,80.04000091552734
2025-01-16,NA,,78.68000030517578
2025-01-17,NA,,77.87999725341797
2025-01-18,averaged,41.6,
2025-01-19,NA,,
2025-01-20,Tulsa,25.8,
2025-01-21,NA,,75.88999938964844
2025-01-22,NA,,75.44000244140625
2025-01-23,averaged,0.4,74.62000274658203
2025-01-24,NA,,74.66000366210938
2025-01-25,Tulsa,98.5,
2025-01-26,NA,,
2025-01-27,NA,,73.16999816894531
2025-01-28,averaged,9.8,73.7699966430664
2025-01-29,NA,,72.62000274658203
2025-01-30,Tulsa,100.0,72.7300033569336
2025-01-31,NA,,72.52999877929688
2025-02-01,NA,,
2025-02-02,averaged,39.2,
2025-02-03,NA,,73.16000366210938
2025-02-04,Tulsa,100.0,72.69999694824219
2025-02-05,NA,,71.02999877929688
2025-02-06,NA,,70.61000061035156
2025-02-07,averaged,100.0,71.0
2025-02-08,NA,,
2025-02-09,Tulsa,17.9,
2025-02-10,NA,,72.31999969482422
2025-02-11,NA,,73.31999969482422
2025-02-12,averaged,100.0,71.37000274658203
2025-02-13,NA,,71.29000091552734
2025-02-14,Tulsa,74.6,70.73999786376953
2025-02-15,NA,,
2025-02-16,NA,,
2025-02-17,averaged,0.0,
2025-02-18,NA,,71.8499984741211
2025-02-19,Tulsa,64.9,72.25
2025-02-20,NA,,72.56999969482422
2025-02-21,NA,,70.4000015258789
2025-02-22,averaged,0.0,
2025-02-23,NA,,
2025-02-24,Tulsa,5.5,70.69999694824219
2025-02-25,NA,,68.93000030517578
2025-02-26,NA,,68.62000274658203
2025-02-27,averaged,0.0,70.3499984741211
2025-02-28,NA,,69.76000213623047
2025-03-01,Tulsa,0.0,
2025-03-02,NA,,
2025-03-03,NA,,68.37000274658203
2025-03-04,averaged,48.8,68.26000213623047
2025-03-05,NA,,66.30999755859375
2025-03-06,Tulsa,11.7,66.36000061035156
2025-03-07,NA,,67.04000091552734
2025-03-08,NA,,
2025-03-09,averaged,0.0,
2025-03-10,NA,,66.02999877929688
2025-03-11,Tulsa,0.0,66.25
2025-03-12,NA,,67.68000030517578
2025-03-13,NA,,66.55000305175781
2025-03-14,averaged,32.4,67.18000030517578
2025-03-15,NA,,
2025-03-16,Tulsa,0.0,
2025-03-17,NA,,67.58000183105469
2025-03-18,Tulsa,85.5,66.9000015258789
2025-03-19,averaged,100.0,67.16000366210938
2025-03-20,NA,,68.26000213623047
2025-03-21,averaged,39.2,68.27999877929688
2025-03-22,NA,,
2025-03-23,NA,,
2025-03-24,averaged,93.7,69.11000061035156
2025-03-25,NA,,69.0
2025-03-26,Tulsa,0.0,69.6500015258789
2025-03-27,NA,,69.91999816894531
2025-03-28,NA,,69.36000061035156
2025-03-29,averaged,28.1,
2025-03-30,NA,,
2025-03-31,Tulsa,100.0,71.4800033569336
2025-04-01,NA,,71.19999694824219
2025-04-02,NA,,71.70999908447266
2025-04-03,averaged,100.0,66.94999694824219
2025-04-04,NA,,61.9900016784668
2025-04-05,Tulsa,100.0,
2025-04-06,NA,,
2025-04-07,Tulsa,0.0,60.70000076293945
2025-04-08,averaged,0.0,59.58000183105469
2025-04-09,NA,,62.349998474121094
2025-04-10,averaged,0.0,60.06999969482422
2025-04-11,NA,,61.5
2025-04-12,NA,,
2025-04-13,averaged,9.0,
2025-04-14,NA,,61.529998779296875
2025-04-15,Tulsa,0.0,61.33000183105469
2025-04-16,NA,,62.470001220703125
2025-04-17,NA,,64.68000030517578
2025-04-18,averaged,100.0,
2025-04-19,NA,,
2025-04-20,Tulsa,99.9,
2025-04-21,NA,,63.08000183105469
2025-04-22,NA,,64.30999755859375
2025-04-23,averaged,47.5,62.27000045776367
2025-04-24,NA,,62.790000915527344
2025-04-25,Tulsa,11.4,63.02000045776367
2025-04-26,NA,,
2025-04-27,Tulsa,100.0,
2025-04-28,averaged,99.8,62.04999923706055
2025-04-29,NA,,60.41999816894531
2025-04-30,averaged,100.0,58.209999084472656
2025-05-01,NA,,59.2400016784668
2025-05-02,NA,,58.290000915527344
2025-05-03,averaged,3.1,
2025-05-04,NA,,
2025-05-05,Tulsa,29.3,57.130001068115234
2025-05-06,NA,,59.09000015258789
2025-05-07,NA,,58.06999969482422
2025-05-08,averaged,77.8,59.90999984741211
2025-05-09,NA,,61.02000045776367
2025-05-10,Tulsa,83.3,
2025-05-11,NA,,
2025-05-12,NA,,61.95000076293945
2025-05-13,averaged,0.0,63.66999816894531
2025-05-14,NA,,63.150001525878906
2025-05-15,Tulsa,100.0,61.619998931884766
2025-05-16,NA,,62.4900016784668
2025-05-17,Tulsa,32.1,
2025-05-18,averaged,100.0,
2025-05-19,NA,,62.689998626708984
2025-05-20,averaged,0.0,62.560001373291016
2025-05-21,NA,,61.56999969482422
2025-05-22,NA,,61.20000076293945
2025-05-23,averaged,29.3,61.529998779296875
2025-05-24,NA,,
2025-05-25,Tulsa,100.0,
2025-05-26,NA,,
2025-05-27,NA,,60.88999938964844
2025-05-28,averaged,90.0,61.84000015258789
2025-05-29,NA,,60.939998626708984
2025-05-30,Tulsa,22.7,60.790000915527344
2025-05-31,NA,,
2025-06-01,NA,,
2025-06-02,averaged,36.5,62.52000045776367
2025-06-03,NA,,63.40999984741211
2025-06-04,Tulsa,100.0,62.849998474121094
2025-06-05,NA,,63.369998931884766
2025-06-06,Tulsa,94.4,64.58000183105469
2025-06-07,averaged,78.6,
2025-06-08,NA,,
2025-06-09,averaged,0.0,65.29000091552734
2025-06-10,NA,,64.9800033569336
2025-06-11,NA,,68.1500015258789
2025-06-12,averaged,99.6,68.04000091552734
2025-06-13,NA,,72.9800033569336
2025-06-14,Tulsa,100.0,
2025-06-15,NA,,
2025-06-16,NA,,71.7699966430664
2025-06-17,averaged,82.5,74.83999633789062
2025-06-18,NA,,75.13999938964844
2025-06-19,Tulsa,0.4,
2025-06-20,NA,,74.93000030517578
2025-06-21,NA,,
2025-06-22,averaged,0.2,
2025-06-23,NA,,68.51000213623047
2025-06-24,Tulsa,18.6,64.37000274658203
2025-06-25,NA,,64.91999816894531
2025-06-26,Tulsa,0.9,65.23999786376953
2025-06-27,averaged,59.2,65.5199966430664
2025-06-28,NA,,
2025-06-29,averaged,11.0,
2025-06-30,NA,,65.11000061035156
2025-07-01,NA,,65.44999694824219
2025-07-02,averaged,99.8,67.44999694824219
2025-07-03,NA,,67.0
2025-07-04,Tulsa,95.5,66.5
2025-07-05,NA,,
2025-07-06,NA,,
2025-07-07,averaged,67.0,67.93000030517578
2025-07-08,NA,,68.33000183105469
2025-07-09,Tulsa,0.4,68.37999725341797
2025-07-10,NA,,66.56999969482422
2025-07-11,NA,,68.44999694824219
2025-07-12,averaged,90.1,
2025-07-13,NA,,
2025-07-14,Tulsa,74.0,66.9800033569336
2025-07-15,NA,,66.5199966430664
2025-07-16,Tulsa,13.6,66.37999725341797
2025-07-17,averaged,99.6,67.54000091552734
2025-07-18,NA,,67.33999633789062
2025-07-19,averaged,0.2,
2025-07-20,NA,,
2025-07-21,NA,,67.19999694824219
2025-07-22,averaged,0.1,66.20999908447266
2025-07-23,NA,,65.25
2025-07-24,Tulsa,0.4,66.02999877929688
2025-07-25,NA,,65.16000366210938
2025-07-26,NA,,
2025-07-27,averaged,5.3,
2025-07-28,NA,,66.70999908447266
2025-07-29,Tulsa,0.3,69.20999908447266
2025-07-30,NA,,70.0
2025-07-31,NA,,69.26000213623047
2025-08-01,NA,,67.33000183105469
2025-08-02,NA,,
